,date,ObsTime,StnPres,SeaPres,StnPresMax,StnPresMaxTime,StnPresMin,StnPresMinTime,Temperature,T Max,T Max Time,T Min,T Min Time,Td dew point,RH,RHMin,RHMinTime,WS,WD,WSGust,WDGust,WGustTime,Precp,PrecpHour,PrecpMax10,PrecpMax10Time,PrecpMax60,PrecpMax60Time,SunShine,SunShineRate,GloblRad,VisbMean,EvapA,UVI Max,UVI Max Time,Cloud Amount
0,2017-01-01,,1018.4,1020.8,1020.8,2017-01-01 08:45,1016.3,2017-01-01 14:49,22.7,26.7,2017-01-01 12:54,20.1,2017-01-01 00:01,14.8,61,51,2017-01-01 13:26,2.9,140,13.0,150,2017-01-01 07:14,0.0,...,0.0,...,0.0,...,9.6,90.9,15.34,...,...,...,...,...
1,2017-01-02,,1018.2,1020.6,1020.2,2017-01-02 08:54,1016.6,2017-01-02 15:17,19.8,23.7,2017-01-02 11:29,16.9,2017-01-02 03:46,16.5,81,64,2017-01-02 11:10,1.6,150,7.6,10,2017-01-02 14:30,0.0,...,0.0,...,0.0,...,5.3,50.2,11.92,...,...,...,...,...
2,2017-01-03,,1018.2,1020.6,1020.2,2017-01-03 09:24,1016.8,2017-01-03 14:24,20.3,22.7,2017-01-03 12:13,17.8,2017-01-03 00:01,16.8,80,72,2017-01-03 12:17,1.6,20,10.4,30,2017-01-03 11:31,0.0,...,0.0,...,0.0,...,0.4,3.8,5.25,...,...,...,...,...
3,2017-01-04,,1015.5,1017.8,1017.9,2017-01-04 08:24,1013.3,2017-01-04 14:23,23.1,27.3,2017-01-04 12:48,18.9,2017-01-04 03:29,17.1,70,55,2017-01-04 13:26,1.6,120,12.1,100,2017-01-04 21:34,0.0,...,0.0,...,0.0,...,7.8,73.7,13.27,...,...,...,...,...
4,2017-01-05,,1014.5,1016.9,1016.5,2017-01-05 09:16,1012.6,2017-01-05 15:07,20.6,23.4,2017-01-05 00:01,18.2,2017-01-05 06:08,17.5,83,63,2017-01-05 00:01,1.0,300,6.3,140,2017-01-05 00:14,0.0,...,0.0,...,0.0,...,6.1,57.6,11.04,...,...,...,...,...
5,2017-01-06,,1013.7,1016.1,1015.7,2017-01-06 08:57,1011.9,2017-01-06 14:33,20.6,24.4,2017-01-06 11:23,17.7,2017-01-06 02:10,18.0,85,66,2017-01-06 13:01,1.2,10,8.7,20,2017-01-06 15:12,0.5,...,0.5,2017-01-06 21:29,0.5,2017-01-06 20:39,1.0,9.4,6.47,...,...,...,...,...
6,2017-01-07,,1011.4,1013.8,1013.2,2017-01-07 09:51,1009.1,2017-01-07 14:20,20.7,23.4,2017-01-07 11:03,18.9,2017-01-07 19:57,18.7,89,81,2017-01-07 13:18,1.2,300,4.8,300,2017-01-07 09:19,0.5,...,0.5,2017-01-07 01:40,0.5,2017-01-07 01:40,2.1,19.8,9.22,...,...,...,...,...
7,2017-01-08,,1012.4,1014.8,1014.5,2017-01-08 22:01,1010.2,2017-01-08 14:04,19.5,21.7,2017-01-08 14:11,17.2,2017-01-08 21:52,16.0,80,71,2017-01-08 14:19,1.9,20,9.7,360,2017-01-08 12:21,0.0,...,0.0,...,0.0,...,0.3,2.8,5.79,...,...,...,...,...
8,2017-01-09,,1016.6,1019.0,1018.5,2017-01-09 08:37,1014.1,2017-01-09 00:01,16.5,18.4,2017-01-09 00:01,13.3,2017-01-09 22:10,11.5,72,66,2017-01-09 10:23,2.2,20,9.7,20,2017-01-09 12:20,0.0,...,0.0,...,0.0,...,0.0,0.0,5.1,...,...,...,...,...
9,2017-01-10,,1018.0,1020.4,1020.3,2017-01-10 09:17,1015.3,2017-01-10 14:48,17.4,22.1,2017-01-10 12:52,13.6,2017-01-10 03:09,11.8,70,54,2017-01-10 13:35,1.4,50,9.2,100,2017-01-10 15:00,0.0,...,0.0,...,0.0,...,5.1,48.0,11.65,...,...,...,...,...
10,2017-01-11,,1017.1,1019.5,1019.7,2017-01-11 08:49,1014.6,2017-01-11 15:12,19.4,23.0,2017-01-11 11:52,17.0,2017-01-11 01:11,13.9,71,59,2017-01-11 12:00,2.0,40,10.4,30,2017-01-11 17:52,0.0,...,0.0,...,0.0,...,5.8,54.5,12.72,...,...,...,...,...
11,2017-01-12,,1013.8,1016.2,1016.1,2017-01-12 00:01,1011.3,2017-01-12 14:51,19.3,21.9,2017-01-12 10:43,17.8,2017-01-12 23:59,15.9,80,73,2017-01-12 10:34,2.4,20,8.9,30,2017-01-12 00:56,0.0,...,0.0,...,0.0,...,0.1,0.9,4.74,...,...,...,...,...
12,2017-01-13,,1015.4,1017.8,1017.2,2017-01-13 09:58,1013.2,2017-01-13 00:18,14.6,18.0,2017-01-13 00:47,13.4,2017-01-13 19:44,12.7,88,75,2017-01-13 00:49,3.0,20,11.3,20,2017-01-13 08:01,13.5,...,0.5,2017-01-13 04:17,2.0,2017-01-13 09:34,0.0,0.0,2.87,...,...,...,...,...
13,2017-01-14,,1018.6,1021.0,1020.5,2017-01-14 21:13,1016.4,2017-01-14 00:21,13.6,15.4,2017-01-14 14:37,11.8,2017-01-14 06:04,10.0,79,67,2017-01-14 14:42,2.1,50,11.2,40,2017-01-14 17:32,9.5,...,1.0,2017-01-14 02:28,2.5,2017-01-14 03:53,0.0,0.0,3.56,...,...,...,...,...
14,2017-01-15,,1020.1,1022.5,1021.9,2017-01-15 09:09,1018.5,2017-01-15 13:56,14.0,14.9,2017-01-15 01:53,13.3,2017-01-15 06:50,9.9,76,66,2017-01-15 00:44,1.9,50,9.0,20,2017-01-15 07:37,0.0,...,0.0,...,0.0,...,0.0,0.0,1.98,...,...,...,...,...
15,2017-01-16,,1020.3,1022.7,1021.8,2017-01-16 08:43,1018.4,2017-01-16 15:26,15.0,16.5,2017-01-16 09:56,13.0,2017-01-16 05:33,10.3,74,64,2017-01-16 19:20,2.0,30,10.5,50,2017-01-16 14:40,0.0,...,0.0,...,0.0,...,0.0,0.0,7.29,...,...,...,...,...
16,2017-01-17,,1019.3,1021.7,1021.8,2017-01-17 09:16,1016.8,2017-01-17 14:50,19.3,23.1,2017-01-17 14:01,15.0,2017-01-17 01:39,12.9,67,55,2017-01-17 13:47,1.8,140,11.3,150,2017-01-17 11:25,0.0,...,0.0,...,0.0,...,6.3,58.8,14.64,...,...,...,...,...
17,2017-01-18,,1019.9,1022.3,1022.0,2017-01-18 08:58,1018.0,2017-01-18 14:14,18.7,22.5,2017-01-18 13:34,16.6,2017-01-18 02:27,16.1,85,71,2017-01-18 13:40,1.5,360,6.8,360,2017-01-18 12:31,0.0,...,0.0,...,0.0,...,1.5,14.0,7.64,...,...,...,...,...
18,2017-01-19,,1019.1,1021.5,1021.5,2017-01-19 09:16,1016.5,2017-01-19 13:54,17.7,20.1,2017-01-19 13:59,16.0,2017-01-19 23:56,15.6,87,78,2017-01-19 13:58,2.5,10,8.8,20,2017-01-19 23:56,2.0,...,1.5,2017-01-19 23:30,1.5,2017-01-19 22:40,0.4,3.7,6.41,...,...,...,...,...
19,2017-01-20,,1024.0,1026.5,1026.1,2017-01-20 20:04,1019.8,2017-01-20 00:18,12.3,16.0,2017-01-20 00:01,10.4,2017-01-20 14:20,8.9,80,62,2017-01-20 21:48,3.3,10,11.5,30,2017-01-20 01:30,4.5,...,0.5,2017-01-20 01:19,1.0,2017-01-20 03:47,0.0,0.0,0.0,...,...,...,...,...
20,2017-01-21,,1024.8,1027.2,1026.4,2017-01-21 09:15,1022.7,2017-01-21 13:31,12.8,15.2,2017-01-21 11:36,10.6,2017-01-21 22:34,8.2,74,63,2017-01-21 00:28,1.4,50,8.3,10,2017-01-21 00:22,0.0,...,0.0,...,0.0,...,0.0,0.0,4.3,...,...,...,...,...
21,2017-01-22,,1026.6,1029.1,1028.4,2017-01-22 09:08,1025.1,2017-01-22 13:59,13.5,16.6,2017-01-22 11:56,10.5,2017-01-22 19:32,6.4,62,50,2017-01-22 12:50,2.3,20,12.9,10,2017-01-22 15:10,0.0,...,0.0,...,0.0,...,7.6,70.5,14.65,...,...,...,...,...
22,2017-01-23,,1026.3,1028.7,1027.8,2017-01-23 09:41,1025.1,2017-01-23 14:18,14.3,15.5,2017-01-23 11:21,13.2,2017-01-23 02:35,6.8,61,55,2017-01-23 11:12,2.2,50,10.4,10,2017-01-23 12:57,0.0,...,0.0,...,0.0,...,0.0,0.0,4.31,...,...,...,...,...
23,2017-01-24,,1026.1,1028.5,1027.9,2017-01-24 22:05,1024.4,2017-01-24 13:57,14.7,16.8,2017-01-24 11:32,13.5,2017-01-24 00:21,8.9,69,61,2017-01-24 02:03,2.4,30,11.8,360,2017-01-24 15:20,0.0,...,0.0,...,0.0,...,0.3,2.8,7.35,...,...,...,...,...
24,2017-01-25,,1025.2,1027.6,1027.4,2017-01-25 00:02,1023.6,2017-01-25 13:03,14.7,16.7,2017-01-25 11:02,12.9,2017-01-25 06:05,10.3,75,70,2017-01-25 02:03,2.6,20,11.6,20,2017-01-25 16:40,0.0,...,0.0,...,0.0,...,0.0,0.0,4.79,...,...,...,...,...
25,2017-01-26,,1022.9,1025.3,1026.0,2017-01-26 08:17,1019.7,2017-01-26 16:15,16.3,19.2,2017-01-26 13:56,13.7,2017-01-26 03:14,8.9,62,51,2017-01-26 15:32,2.0,50,10.3,30,2017-01-26 09:42,0.0,...,0.0,...,0.0,...,6.0,55.3,10.64,...,...,...,...,...
26,2017-01-27,,1021.2,1023.6,1023.0,2017-01-27 09:06,1019.5,2017-01-27 14:41,16.7,21.1,2017-01-27 11:01,13.2,2017-01-27 05:53,12.2,75,54,2017-01-27 01:06,1.9,20,13.0,20,2017-01-27 14:16,0.0,...,0.0,...,0.0,...,9.0,82.9,16.36,...,...,...,...,...
27,2017-01-28,,1017.0,1019.4,1020.0,2017-01-28 00:01,1014.8,2017-01-28 15:33,18.9,22.9,2017-01-28 11:42,15.7,2017-01-28 06:48,15.5,81,63,2017-01-28 22:10,1.8,360,7.7,20,2017-01-28 04:23,0.0,...,0.0,...,0.0,...,7.2,66.2,15.07,...,...,...,...,...
28,2017-01-29,,1015.8,1018.2,1017.8,2017-01-29 08:58,1014.4,2017-01-29 15:31,18.7,22.7,2017-01-29 12:01,16.2,2017-01-29 04:54,16.1,85,66,2017-01-29 00:28,1.3,300,5.4,290,2017-01-29 14:20,0.0,...,0.0,...,0.0,...,4.7,43.1,13.98,...,...,...,...,...
29,2017-01-30,,1019.4,1021.8,1022.9,2017-01-30 20:37,1015.5,2017-01-30 02:20,16.2,19.9,2017-01-30 06:33,13.1,2017-01-30 21:37,13.4,84,74,2017-01-30 07:05,3.4,20,14.8,30,2017-01-30 10:54,0.0,...,0.0,...,0.0,...,0.0,0.0,6.76,...,...,...,...,...
30,2017-01-31,,1019.7,1022.1,1022.0,2017-01-31 00:01,1017.2,2017-01-31 14:25,16.6,20.7,2017-01-31 14:04,13.7,2017-01-31 00:01,11.8,74,61,2017-01-31 14:08,2.2,20,11.4,20,2017-01-31 01:42,0.0,...,0.0,...,0.0,...,2.9,26.5,12.68,...,...,...,...,...
0,2017-02-01,,1021.7,1024.1,1024.8,2017-02-01 22:07,1018.7,2017-02-01 03:01,16.4,19.1,2017-02-01 11:27,13.6,2017-02-01 21:56,12.5,78,68,2017-02-01 11:32,3.0,30,12.6,30,2017-02-01 10:56,0.0,...,0.0,...,0.0,...,0.3,2.7,8.11,...,...,...,...,...
1,2017-02-02,,1023.1,1025.5,1025.2,2017-02-02 08:59,1020.8,2017-02-02 23:46,15.1,16.8,2017-02-02 12:53,13.9,2017-02-02 06:27,10.2,73,66,2017-02-02 12:44,2.5,60,13.4,360,2017-02-02 13:04,0.0,...,0.0,...,0.0,...,1.1,10.0,8.08,...,...,...,...,...
2,2017-02-03,,1017.6,1019.9,1021.1,2017-02-03 00:02,1014.4,2017-02-03 15:12,19.3,23.6,2017-02-03 11:55,14.0,2017-02-03 04:22,12.6,66,50,2017-02-03 13:26,1.6,120,10.5,110,2017-02-03 19:02,0.0,...,0.0,...,0.0,...,2.4,21.8,12.45,...,...,...,...,...
3,2017-02-04,,1013.9,1016.3,1016.5,2017-02-04 00:01,1011.3,2017-02-04 15:02,18.0,22.1,2017-02-04 11:58,16.2,2017-02-04 06:33,15.3,84,74,2017-02-04 10:56,1.0,310,5.2,310,2017-02-04 13:18,0.0,...,0.0,...,0.0,...,1.5,13.6,10.86,...,...,...,...,...
4,2017-02-05,,1013.4,1015.8,1015.4,2017-02-05 21:36,1011.6,2017-02-05 04:16,17.9,21.2,2017-02-05 12:22,16.2,2017-02-05 00:26,14.7,82,70,2017-02-05 10:55,2.2,20,14.2,20,2017-02-05 16:14,0.0,...,0.0,...,0.0,...,0.9,8.2,8.58,...,...,...,...,...
5,2017-02-06,,1016.7,1019.1,1018.8,2017-02-06 20:02,1013.9,2017-02-06 03:29,16.8,20.1,2017-02-06 12:48,14.2,2017-02-06 03:14,10.0,65,53,2017-02-06 13:05,2.0,50,12.9,40,2017-02-06 13:51,0.0,...,0.0,...,0.0,...,3.2,29.0,11.34,...,...,...,...,...
6,2017-02-07,,1016.6,1019.0,1018.9,2017-02-07 08:40,1014.4,2017-02-07 20:35,17.8,21.0,2017-02-07 12:37,16.0,2017-02-07 01:45,9.4,58,50,2017-02-07 12:42,2.0,60,11.2,120,2017-02-07 20:03,0.0,...,0.0,...,0.0,...,5.6,50.6,13.62,...,...,...,...,...
7,2017-02-08,,1014.5,1016.9,1017.7,2017-02-08 23:50,1012.9,2017-02-08 02:32,17.0,20.1,2017-02-08 10:00,13.0,2017-02-08 23:59,12.9,78,59,2017-02-08 02:20,2.2,10,11.3,20,2017-02-08 23:51,3.0,...,0.5,2017-02-08 22:03,1.5,2017-02-08 22:31,0.1,0.9,6.05,...,...,...,...,...
8,2017-02-09,,1020.1,1022.6,1022.2,2017-02-09 23:09,1017.7,2017-02-09 00:01,9.7,13.0,2017-02-09 00:01,6.7,2017-02-09 21:07,6.1,79,63,2017-02-09 17:45,2.4,10,12.6,10,2017-02-09 00:23,6.0,...,1.0,2017-02-09 00:15,2.5,2017-02-09 00:00,0.0,0.0,0.34,...,...,...,...,...
9,2017-02-10,,1023.1,1025.6,1025.1,2017-02-10 22:07,1020.2,2017-02-10 04:09,10.5,12.9,2017-02-10 13:38,7.5,2017-02-10 00:38,3.4,62,53,2017-02-10 13:23,1.8,20,10.2,360,2017-02-10 08:47,0.0,...,0.0,...,0.0,...,3.9,35.0,11.4,...,...,...,...,...
10,2017-02-11,,1026.0,1028.5,1027.7,2017-02-11 09:18,1024.6,2017-02-11 03:10,11.1,13.9,2017-02-11 12:59,8.1,2017-02-11 23:28,3.5,60,52,2017-02-11 10:24,1.8,30,11.4,30,2017-02-11 15:19,0.0,...,0.0,...,0.0,...,1.2,10.8,8.15,...,...,...,...,...
11,2017-02-12,,1025.5,1027.9,1026.7,2017-02-12 08:35,1023.9,2017-02-12 14:55,13.6,16.1,2017-02-12 09:57,8.4,2017-02-12 00:02,6.7,63,54,2017-02-12 10:15,1.3,40,8.4,40,2017-02-12 08:06,0.0,...,0.0,...,0.0,...,0.1,0.9,6.47,...,...,...,...,...
12,2017-02-13,,1026.4,1028.8,1028.4,2017-02-13 22:39,1025.1,2017-02-13 02:46,15.9,21.5,2017-02-13 12:59,12.5,2017-02-13 23:40,8.8,63,45,2017-02-13 11:55,1.2,170,8.4,120,2017-02-13 12:22,0.0,...,0.0,...,0.0,...,7.5,67.0,18.04,...,...,...,...,...
13,2017-02-14,,1027.8,1030.3,1029.7,2017-02-14 08:51,1026.3,2017-02-14 15:16,16.6,21.0,2017-02-14 11:39,11.4,2017-02-14 05:51,7.4,55,43,2017-02-14 10:39,2.3,120,11.9,140,2017-02-14 23:17,0.0,...,0.0,...,0.0,...,10.6,94.5,19.92,...,...,...,...,...
14,2017-02-15,,1023.5,1025.9,1026.6,2017-02-15 00:01,1020.9,2017-02-15 23:56,19.9,24.8,2017-02-15 13:30,16.7,2017-02-15 00:29,10.4,54,45,2017-02-15 11:28,2.7,140,13.8,120,2017-02-15 02:39,0.0,...,0.0,...,0.0,...,8.3,73.9,18.46,...,...,...,...,...
15,2017-02-16,,1019.8,1022.2,1021.5,2017-02-16 07:53,1018.0,2017-02-16 15:25,17.4,21.0,2017-02-16 17:13,13.1,2017-02-16 06:14,11.4,69,41,2017-02-16 17:13,1.7,300,8.1,150,2017-02-16 00:07,0.0,...,0.0,...,0.0,...,10.4,92.4,18.93,...,...,...,...,...
16,2017-02-17,,1019.7,1022.1,1021.2,2017-02-17 08:26,1018.1,2017-02-17 15:13,18.6,24.4,2017-02-17 12:14,14.4,2017-02-17 06:19,13.2,72,50,2017-02-17 10:42,1.4,140,5.6,300,2017-02-17 14:11,0.0,...,0.0,...,0.0,...,9.9,87.8,18.93,...,...,...,...,...
17,2017-02-18,,1021.3,1023.7,1022.8,2017-02-18 20:08,1019.1,2017-02-18 14:32,18.6,21.3,2017-02-18 14:27,15.7,2017-02-18 02:19,14.2,76,65,2017-02-18 14:38,2.2,20,14.0,20,2017-02-18 12:39,0.0,...,0.0,...,0.0,...,4.0,35.4,12.93,...,...,...,...,...
18,2017-02-19,,1015.8,1018.2,1021.8,2017-02-19 00:01,1012.5,2017-02-19 23:52,19.5,26.7,2017-02-19 12:33,14.9,2017-02-19 22:24,13.1,68,44,2017-02-19 11:58,2.2,130,12.7,120,2017-02-19 08:15,0.0,...,0.0,...,0.0,...,10.1,89.2,19.54,...,...,...,...,...
19,2017-02-20,,1014.4,1016.8,1018.3,2017-02-20 23:51,1011.7,2017-02-20 01:42,18.2,23.7,2017-02-20 11:33,15.6,2017-02-20 01:14,15.8,86,69,2017-02-20 11:29,1.7,10,12.4,10,2017-02-20 23:42,5.5,...,2.0,2017-02-20 05:58,3.5,2017-02-20 05:16,2.3,20.3,10.16,...,...,...,...,...
20,2017-02-21,,1017.2,1019.6,1021.2,2017-02-21 07:46,1013.6,2017-02-21 18:52,20.6,24.4,2017-02-21 12:36,16.5,2017-02-21 05:20,14.6,69,55,2017-02-21 12:33,3.3,140,14.6,80,2017-02-21 17:28,0.0,...,0.0,...,0.0,...,6.4,56.3,17.21,...,...,...,...,...
21,2017-02-22,,1013.8,1016.2,1016.7,2017-02-22 07:11,1010.8,2017-02-22 17:52,18.0,23.6,2017-02-22 00:01,14.3,2017-02-22 05:53,16.1,89,63,2017-02-22 00:01,2.3,150,9.2,20,2017-02-22 23:10,17.0,...,1.5,2017-02-22 12:23,6.0,2017-02-22 13:56,0.4,3.5,4.5,...,...,...,...,...
22,2017-02-23,,1018.0,1020.4,1022.4,2017-02-23 20:37,1013.9,2017-02-23 03:00,14.2,18.0,2017-02-23 01:05,10.6,2017-02-23 18:38,12.1,87,79,2017-02-23 10:23,3.3,20,14.5,30,2017-02-23 14:09,6.0,...,3.0,2017-02-23 00:30,3.5,2017-02-23 00:00,0.0,0.0,2.49,...,...,...,...,...
23,2017-02-24,,1021.2,1023.7,1023.1,2017-02-24 11:24,1018.9,2017-02-24 05:47,11.9,13.1,2017-02-24 23:40,10.6,2017-02-24 15:59,10.6,92,89,2017-02-24 06:38,2.4,20,11.9,20,2017-02-24 12:45,39.0,...,2.5,2017-02-24 02:27,5.0,2017-02-24 15:36,0.0,0.0,0.39,...,...,...,...,...
24,2017-02-25,,1018.5,1020.9,1020.9,2017-02-25 00:01,1016.4,2017-02-25 14:54,13.3,14.5,2017-02-25 11:20,12.5,2017-02-25 00:09,12.1,93,90,2017-02-25 15:01,1.8,10,10.4,20,2017-02-25 14:39,27.0,...,1.5,2017-02-25 07:46,4.5,2017-02-25 07:42,0.0,0.0,0.54,...,...,...,...,...
25,2017-02-26,,1020.7,1023.1,1022.9,2017-02-26 09:29,1016.8,2017-02-26 02:18,12.3,13.8,2017-02-26 01:54,11.0,2017-02-26 09:16,10.3,88,67,2017-02-26 23:23,2.0,360,10.7,10,2017-02-26 05:20,16.5,...,2.0,2017-02-26 04:44,4.5,2017-02-26 03:59,0.0,0.0,0.32,...,...,...,...,...
26,2017-02-27,,1021.4,1023.8,1022.8,2017-02-27 09:36,1020.3,2017-02-27 04:08,14.1,16.0,2017-02-27 11:55,11.5,2017-02-27 02:52,9.2,73,59,2017-02-27 11:27,1.0,40,8.0,360,2017-02-27 11:11,T,...,T,2017-02-27 02:06,T,2017-02-27 02:06,0.0,0.0,1.75,...,...,...,...,...
27,2017-02-28,,1018.8,1021.2,1021.3,2017-02-28 08:51,1016.5,2017-02-28 16:44,14.2,16.0,2017-02-28 01:36,13.3,2017-02-28 14:11,11.3,83,63,2017-02-28 01:36,0.7,30,4.5,40,2017-02-28 03:56,1.0,...,0.5,2017-02-28 11:19,0.5,2017-02-28 10:29,0.0,0.0,0.38,...,...,...,...,...
0,2017-03-01,,1016.9,1019.3,1018.8,2017-03-01 09:18,1015.0,2017-03-01 14:58,15.1,18.0,2017-03-01 11:13,13.2,2017-03-01 01:04,11.5,80,61,2017-03-01 22:42,1.0,10,6.4,10,2017-03-01 11:26,1.0,...,0.5,2017-03-01 02:53,0.5,2017-03-01 02:03,0.4,3.5,8.82,...,...,...,...,...
1,2017-03-02,,1019.0,1021.5,1020.6,2017-03-02 21:11,1016.6,2017-03-02 03:16,13.3,15.9,2017-03-02 08:47,8.7,2017-03-02 22:23,6.3,63,49,2017-03-02 16:19,2.1,50,12.4,50,2017-03-02 08:26,T,...,T,2017-03-02 00:58,T,2017-03-02 01:00,2.4,20.7,8.87,...,...,...,...,...
2,2017-03-03,,1015.5,1017.9,1019.2,2017-03-03 00:01,1013.5,2017-03-03 16:04,16.7,21.0,2017-03-03 12:21,9.2,2017-03-03 00:21,9.4,63,51,2017-03-03 11:34,2.0,150,9.9,150,2017-03-03 06:33,T,...,T,2017-03-03 20:20,T,2017-03-03 20:20,4.5,38.8,13.95,...,...,...,...,...
3,2017-03-04,,1013.1,1015.5,1014.8,2017-03-04 07:07,1011.5,2017-03-04 15:49,16.4,19.1,2017-03-04 10:53,14.4,2017-03-04 05:38,13.8,85,70,2017-03-04 00:12,1.1,290,5.9,140,2017-03-04 23:34,0.5,...,0.5,2017-03-04 05:07,0.5,2017-03-04 04:17,0.8,6.9,7.95,...,...,...,...,...
4,2017-03-05,,1010.4,1012.8,1012.8,2017-03-05 09:17,1008.5,2017-03-05 18:44,18.7,23.2,2017-03-05 12:47,14.6,2017-03-05 05:02,15.4,82,65,2017-03-05 16:14,1.2,300,6.1,140,2017-03-05 06:21,T,...,T,2017-03-05 06:55,T,2017-03-05 06:55,7.3,62.6,17.09,...,...,...,...,...
5,2017-03-06,,1014.1,1016.5,1016.5,2017-03-06 21:34,1008.5,2017-03-06 01:12,14.4,19.0,2017-03-06 01:07,13.4,2017-03-06 15:01,11.8,84,70,2017-03-06 23:04,2.7,20,14.3,20,2017-03-06 01:28,18.0,...,2.0,2017-03-06 04:14,6.0,2017-03-06 04:06,0.0,0.0,0.46,...,...,...,...,...
6,2017-03-07,,1016.6,1019.0,1018.2,2017-03-07 09:23,1015.3,2017-03-07 03:18,13.3,16.4,2017-03-07 10:45,11.3,2017-03-07 18:17,8.7,75,56,2017-03-07 10:41,1.5,30,8.9,30,2017-03-07 09:15,7.5,...,1.5,2017-03-07 17:20,4.0,2017-03-07 17:19,0.1,0.9,3.34,...,...,...,...,...
7,2017-03-08,,1017.1,1019.5,1018.4,2017-03-08 09:49,1015.3,2017-03-08 15:07,13.4,14.6,2017-03-08 12:52,11.8,2017-03-08 00:11,11.1,86,75,2017-03-08 17:10,0.9,60,6.4,150,2017-03-08 21:48,1.5,...,0.5,2017-03-08 05:04,0.5,2017-03-08 04:14,0.0,0.0,1.57,...,...,...,...,...
8,2017-03-09,,1014.8,1017.2,1017.1,2017-03-09 00:01,1012.9,2017-03-09 15:53,16.7,19.0,2017-03-09 09:35,13.6,2017-03-09 01:11,10.7,68,57,2017-03-09 08:54,3.7,150,14.6,140,2017-03-09 15:30,T,...,T,2017-03-09 03:32,T,2017-03-09 03:32,1.1,9.4,4.65,...,...,...,...,...
9,2017-03-10,,1011.6,1014.0,1014.3,2017-03-10 23:22,1008.5,2017-03-10 15:00,17.1,18.5,2017-03-10 02:58,15.8,2017-03-10 23:43,15.1,88,71,2017-03-10 00:01,2.2,140,12.5,30,2017-03-10 20:20,32.5,...,1.5,2017-03-10 17:46,5.0,2017-03-10 03:33,0.0,0.0,0.35,...,...,...,...,...
10,2017-03-11,,1013.3,1015.7,1015.4,2017-03-11 21:23,1011.7,2017-03-11 14:26,18.7,23.9,2017-03-11 11:28,15.7,2017-03-11 00:09,16.0,85,68,2017-03-11 12:28,1.1,90,7.3,150,2017-03-11 01:08,0.5,...,0.5,2017-03-11 06:27,0.5,2017-03-11 05:37,2.4,20.3,10.49,...,...,...,...,...
11,2017-03-12,,1011.7,1014.1,1013.7,2017-03-12 00:01,1009.4,2017-03-12 17:26,19.5,23.5,2017-03-12 11:40,17.2,2017-03-12 06:15,17.2,87,74,2017-03-12 13:32,1.5,300,6.7,320,2017-03-12 12:26,0.5,...,0.5,2017-03-12 21:07,0.5,2017-03-12 20:17,6.1,51.6,17.78,...,...,...,...,...
12,2017-03-13,,1010.9,1013.3,1015.2,2017-03-13 23:43,1008.5,2017-03-13 14:52,16.9,20.2,2017-03-13 04:45,13.3,2017-03-13 23:59,15.3,90,86,2017-03-13 04:37,2.3,20,9.8,20,2017-03-13 23:32,6.0,...,1.0,2017-03-13 05:07,2.5,2017-03-13 04:56,0.0,0.0,3.36,...,...,...,...,...
13,2017-03-14,,1018.6,1021.0,1020.9,2017-03-14 20:27,1014.5,2017-03-14 00:09,13.0,13.9,2017-03-14 23:49,11.9,2017-03-14 05:23,9.3,79,66,2017-03-14 21:41,2.4,20,11.6,20,2017-03-14 00:33,5.0,...,1.0,2017-03-14 01:45,2.5,2017-03-14 01:28,0.0,0.0,2.81,...,...,...,...,...
14,2017-03-15,,1018.0,1020.4,1021.2,2017-03-15 08:37,1014.4,2017-03-15 23:00,15.7,18.2,2017-03-15 22:27,12.5,2017-03-15 01:31,9.5,67,57,2017-03-15 12:17,1.5,50,12.9,170,2017-03-15 21:50,0.0,...,0.0,...,0.0,...,0.0,0.0,6.61,...,...,...,...,...
15,2017-03-16,,1015.8,1018.2,1018.1,2017-03-16 23:36,1013.8,2017-03-16 02:01,15.6,18.1,2017-03-16 00:11,14.6,2017-03-16 06:09,13.5,88,62,2017-03-16 00:10,1.5,10,9.3,20,2017-03-16 14:04,16.0,...,2.0,2017-03-16 05:43,5.0,2017-03-16 05:09,0.0,0.0,3.01,...,...,...,...,...
16,2017-03-17,,1016.8,1019.2,1018.7,2017-03-17 22:18,1014.5,2017-03-17 14:37,18.0,23.2,2017-03-17 11:37,15.1,2017-03-17 00:47,15.1,84,66,2017-03-17 11:48,1.2,20,6.9,20,2017-03-17 13:52,T,...,T,2017-03-17 00:22,T,2017-03-17 01:00,2.0,16.7,12.55,...,...,...,...,...
17,2017-03-18,,1017.3,1019.7,1019.2,2017-03-18 08:34,1015.5,2017-03-18 14:29,17.8,21.5,2017-03-18 13:02,16.3,2017-03-18 04:00,16.0,89,79,2017-03-18 13:09,1.3,10,7.2,360,2017-03-18 14:43,2.0,...,1.0,2017-03-18 21:55,2.0,2017-03-18 21:31,0.6,5.0,8.36,...,...,...,...,...
18,2017-03-19,,1017.0,1019.4,1018.9,2017-03-19 07:09,1014.9,2017-03-19 14:13,18.6,22.8,2017-03-19 14:17,16.5,2017-03-19 05:56,16.5,87,73,2017-03-19 14:08,1.9,20,10.4,10,2017-03-19 09:34,2.5,...,0.5,2017-03-19 00:23,1.0,2017-03-19 06:38,0.7,5.8,9.93,...,...,...,...,...
19,2017-03-20,,1013.0,1015.4,1015.3,2017-03-20 00:01,1010.5,2017-03-20 03:55,20.4,24.3,2017-03-20 15:07,17.1,2017-03-20 05:18,17.9,86,72,2017-03-20 15:07,1.2,300,10.7,290,2017-03-20 04:16,0.0,...,0.0,...,0.0,...,0.8,6.6,10.49,...,...,...,...,...
20,2017-03-21,,1015.7,1018.1,1017.7,2017-03-21 10:15,1012.9,2017-03-21 00:30,18.1,20.4,2017-03-21 00:47,15.8,2017-03-21 20:56,14.4,79,68,2017-03-21 12:34,2.5,20,11.7,20,2017-03-21 14:41,T,...,T,2017-03-21 20:00,T,2017-03-21 20:00,0.0,0.0,7.6,...,...,...,...,...
21,2017-03-22,,1012.4,1014.7,1016.1,2017-03-22 00:01,1009.3,2017-03-22 15:08,20.6,26.0,2017-03-22 13:04,16.1,2017-03-22 23:53,15.6,74,58,2017-03-22 13:03,2.5,150,13.1,190,2017-03-22 07:47,2.5,...,1.0,2017-03-22 22:43,1.5,2017-03-22 21:53,1.2,9.9,11.96,...,...,...,...,...
22,2017-03-23,,1014.8,1017.2,1017.1,2017-03-23 21:10,1012.8,2017-03-23 14:41,17.3,20.0,2017-03-23 14:12,14.8,2017-03-23 23:24,14.6,85,73,2017-03-23 14:38,1.9,20,11.4,30,2017-03-23 14:56,3.0,...,1.0,2017-03-23 00:01,1.0,2017-03-23 00:00,3.0,24.8,12.87,...,...,...,...,...
23,2017-03-24,,1014.3,1016.7,1017.1,2017-03-24 07:32,1010.3,2017-03-24 14:14,20.2,26.6,2017-03-24 14:43,14.5,2017-03-24 01:07,14.8,72,54,2017-03-24 12:20,1.1,270,6.4,200,2017-03-24 17:21,0.0,...,0.0,...,0.0,...,8.1,66.8,21.97,...,...,...,...,...
24,2017-03-25,,1017.2,1019.6,1020.7,2017-03-25 21:27,1013.3,2017-03-25 01:01,15.2,19.8,2017-03-25 00:01,12.9,2017-03-25 20:21,13.4,89,78,2017-03-25 00:01,2.6,10,10.1,10,2017-03-25 03:55,15.5,...,1.0,2017-03-25 19:38,2.5,2017-03-25 19:17,0.0,0.0,2.76,...,...,...,...,...
25,2017-03-26,,1021.4,1023.8,1023.2,2017-03-26 21:22,1018.9,2017-03-26 00:48,14.0,15.7,2017-03-26 10:12,11.8,2017-03-26 03:15,10.6,80,64,2017-03-26 17:06,1.4,140,9.1,20,2017-03-26 00:52,5.5,...,1.0,2017-03-26 02:19,2.5,2017-03-26 01:56,0.0,0.0,2.56,...,...,...,...,...
26,2017-03-27,,1021.2,1023.6,1023.2,2017-03-27 10:07,1017.3,2017-03-27 15:43,19.9,24.5,2017-03-27 13:36,14.5,2017-03-27 00:01,8.5,48,38,2017-03-27 14:04,2.9,120,13.8,130,2017-03-27 21:46,0.5,...,0.5,2017-03-27 04:50,0.5,2017-03-27 04:00,10.2,83.5,24.82,...,...,...,...,...
27,2017-03-28,,1017.9,1020.2,1020.0,2017-03-28 00:01,1015.4,2017-03-28 14:43,21.1,27.0,2017-03-28 12:52,18.3,2017-03-28 22:16,13.0,61,39,2017-03-28 12:33,2.5,140,12.8,100,2017-03-28 00:40,0.0,...,0.0,...,0.0,...,8.7,71.1,22.43,...,...,...,...,...
28,2017-03-29,,1018.3,1020.7,1020.4,2017-03-29 10:13,1016.9,2017-03-29 14:26,20.3,24.6,2017-03-29 12:10,16.9,2017-03-29 05:53,15.4,74,59,2017-03-29 09:50,1.7,140,8.9,340,2017-03-29 15:59,0.0,...,0.0,...,0.0,...,5.4,44.0,16.99,...,...,...,...,...
29,2017-03-30,,1015.7,1018.1,1018.3,2017-03-30 00:01,1013.3,2017-03-30 23:09,20.6,25.1,2017-03-30 13:44,16.1,2017-03-30 04:05,17.0,80,65,2017-03-30 10:12,1.4,300,6.6,310,2017-03-30 13:22,0.0,...,0.0,...,0.0,...,6.5,52.9,18.07,...,...,...,...,...
30,2017-03-31,,1014.4,1016.8,1020.5,2017-03-31 22:52,1010.3,2017-03-31 04:25,17.1,25.0,2017-03-31 09:46,12.8,2017-03-31 19:49,14.5,85,68,2017-03-31 10:13,2.7,10,14.6,20,2017-03-31 11:43,25.5,...,3.0,2017-03-31 17:51,8.5,2017-03-31 17:41,0.7,5.7,4.0,...,...,...,...,...
0,2017-04-01,,1019.7,1022.1,1020.9,2017-04-01 23:18,1018.1,2017-04-01 05:10,14.3,18.6,2017-04-01 11:51,11.7,2017-04-01 04:46,9.0,72,47,2017-04-01 15:28,1.4,40,9.9,10,2017-04-01 14:27,11.5,...,1.0,2017-04-01 01:22,3.5,2017-04-01 01:23,5.0,40.5,14.94,...,...,...,...,...
1,2017-04-02,,1021.1,1023.5,1023.0,2017-04-02 09:23,1019.7,2017-04-02 17:07,16.4,21.9,2017-04-02 12:26,11.1,2017-04-02 05:03,5.6,52,27,2017-04-02 13:55,2.5,140,9.8,360,2017-04-02 14:09,0.0,...,0.0,...,0.0,...,10.9,88.2,25.88,...,...,...,...,...
2,2017-04-03,,1019.8,1022.2,1022.3,2017-04-03 08:50,1017.5,2017-04-03 15:46,19.5,25.0,2017-04-03 13:25,14.1,2017-04-03 02:30,7.7,47,33,2017-04-03 11:53,2.6,120,11.3,80,2017-04-03 19:33,0.0,...,0.0,...,0.0,...,9.5,76.7,25.89,...,...,...,...,...
3,2017-04-04,,1017.0,1019.3,1019.3,2017-04-04 07:41,1014.6,2017-04-04 16:16,21.4,26.5,2017-04-04 11:54,17.8,2017-04-04 05:25,12.4,57,41,2017-04-04 11:33,2.1,150,9.4,160,2017-04-04 01:12,0.0,...,0.0,...,0.0,...,10.5,84.6,24.34,...,...,...,...,...
4,2017-04-05,,1014.2,1016.5,1017.0,2017-04-05 07:49,1011.3,2017-04-05 15:55,22.1,27.7,2017-04-05 13:19,16.6,2017-04-05 04:31,14.4,63,41,2017-04-05 13:31,1.4,140,6.5,320,2017-04-05 12:48,0.0,...,0.0,...,0.0,...,9.1,73.2,24.01,...,...,...,...,...
5,2017-04-06,,1011.9,1014.3,1013.8,2017-04-06 08:40,1010.4,2017-04-06 18:51,22.3,27.2,2017-04-06 11:23,19.9,2017-04-06 05:09,17.3,74,56,2017-04-06 10:31,1.3,130,5.7,150,2017-04-06 17:47,T,...,T,2017-04-06 16:27,T,2017-04-06 16:27,1.4,11.2,9.47,...,...,...,...,...
6,2017-04-07,,1011.3,1013.6,1013.4,2017-04-07 10:06,1008.6,2017-04-07 03:04,22.6,26.5,2017-04-07 13:28,17.9,2017-04-07 01:27,19.5,83,74,2017-04-07 13:34,1.0,310,5.6,310,2017-04-07 14:34,0.5,...,0.5,2017-04-07 01:18,0.5,2017-04-07 01:18,1.7,13.6,7.34,...,...,...,...,...
7,2017-04-08,,1010.9,1013.2,1013.1,2017-04-08 08:41,1008.5,2017-04-08 17:34,24.0,28.5,2017-04-08 12:39,20.1,2017-04-08 01:43,20.0,79,63,2017-04-08 10:13,1.2,270,5.9,270,2017-04-08 14:11,0.0,...,0.0,...,0.0,...,9.0,71.9,20.72,...,...,...,...,...
8,2017-04-09,,1006.8,1009.1,1010.2,2017-04-09 00:01,1004.0,2017-04-09 16:22,24.9,28.3,2017-04-09 11:04,21.7,2017-04-09 05:58,21.3,81,69,2017-04-09 10:53,1.5,310,7.8,300,2017-04-09 15:19,0.0,...,0.0,...,0.0,...,3.8,30.3,14.55,...,...,...,...,...
9,2017-04-10,,1003.6,1005.9,1005.7,2017-04-10 00:01,1001.5,2017-04-10 16:02,27.3,32.2,2017-04-10 11:37,23.4,2017-04-10 02:19,20.1,66,49,2017-04-10 11:53,2.4,220,12.3,280,2017-04-10 11:19,0.0,...,0.0,...,0.0,...,9.8,78.0,20.19,...,...,...,...,...
10,2017-04-11,,1007.9,1010.2,1011.5,2017-04-11 22:21,1002.8,2017-04-11 02:01,20.3,26.5,2017-04-11 01:49,17.3,2017-04-11 23:55,17.2,82,66,2017-04-11 05:38,2.0,20,12.9,20,2017-04-11 07:18,19.5,...,4.5,2017-04-11 08:01,8.5,2017-04-11 07:08,0.0,0.0,0.0,...,...,...,...,...
11,2017-04-12,,1013.9,1016.3,1016.9,2017-04-12 21:24,1010.7,2017-04-12 02:43,17.8,19.1,2017-04-12 12:06,16.9,2017-04-12 05:14,13.8,78,66,2017-04-12 19:56,1.8,40,10.2,40,2017-04-12 14:48,9.5,...,2.0,2017-04-12 01:55,3.5,2017-04-12 01:16,0.0,0.0,0.0,...,...,...,...,...
12,2017-04-13,,1015.4,1017.8,1016.7,2017-04-13 02:45,1014.0,2017-04-13 13:41,19.5,24.5,2017-04-13 10:38,16.3,2017-04-13 03:59,14.6,74,54,2017-04-13 10:47,1.9,130,10.9,190,2017-04-13 13:58,0.5,...,0.5,2017-04-13 19:23,0.5,2017-04-13 18:33,1.3,10.3,7.46,...,...,...,...,...
13,2017-04-14,,1013.1,1015.4,1014.7,2017-04-14 00:01,1011.4,2017-04-14 16:36,21.7,26.3,2017-04-14 13:29,18.8,2017-04-14 03:18,18.4,81,72,2017-04-14 11:46,1.4,140,5.1,150,2017-04-14 21:14,0.5,...,0.5,2017-04-14 02:29,0.5,2017-04-14 01:39,0.8,6.3,11.2,...,...,...,...,...
14,2017-04-15,,1012.2,1014.5,1014.3,2017-04-15 09:40,1010.8,2017-04-15 03:04,23.5,X,...,20.1,2017-04-15 05:04,20.1,81,72,2017-04-15 08:54,1.2,140,X,X,...,0.0,...,0.0,...,0.0,...,3.8,30.0,14.4,...,...,...,...,...
15,2017-04-16,,1011.7,1014.0,1013.9,2017-04-16 09:36,1010.5,2017-04-16 18:07,25.1,29.8,2017-04-16 11:56,22.0,2017-04-16 05:52,20.7,77,58,2017-04-16 12:26,1.2,150,4.9,150,2017-04-16 10:21,0.0,...,0.0,...,0.0,...,1.4,11.0,12.29,...,...,...,...,...
16,2017-04-17,,1007.5,1009.8,1010.5,2017-04-17 00:01,1004.5,2017-04-17 16:34,26.1,30.5,2017-04-17 10:44,23.4,2017-04-17 05:29,21.8,77,60,2017-04-17 13:17,1.8,300,11.6,260,2017-04-17 13:15,0.0,...,0.0,...,0.0,...,5.4,42.4,16.92,...,...,...,...,...
17,2017-04-18,,1006.1,1008.4,1008.2,2017-04-18 21:52,1004.3,2017-04-18 02:53,25.1,26.3,2017-04-18 09:59,23.7,2017-04-18 14:17,22.7,87,81,2017-04-18 10:04,1.9,300,8.1,260,2017-04-18 04:13,11.0,...,4.5,2017-04-18 14:05,8.0,2017-04-18 13:15,0.1,0.8,4.39,...,...,...,...,...
18,2017-04-19,,1008.5,1010.8,1011.6,2017-04-19 20:53,1006.2,2017-04-19 14:29,25.7,29.3,2017-04-19 11:16,23.2,2017-04-19 23:04,22.3,82,68,2017-04-19 14:19,1.4,160,8.9,180,2017-04-19 14:52,0.0,...,0.0,...,0.0,...,2.1,16.4,11.41,...,...,...,...,...
19,2017-04-20,,1007.9,1010.2,1010.3,2017-04-20 10:10,1005.8,2017-04-20 16:04,25.0,27.8,2017-04-20 12:52,22.6,2017-04-20 10:31,21.1,79,70,2017-04-20 18:18,1.4,140,8.2,150,2017-04-20 06:42,2.5,...,1.0,2017-04-20 10:00,2.5,2017-04-20 09:51,4.0,31.3,11.54,...,...,...,...,...
20,2017-04-21,,1007.5,1009.9,1011.7,2017-04-21 22:13,1004.6,2017-04-21 17:03,23.8,29.4,2017-04-21 11:30,17.9,2017-04-21 23:53,20.1,80,71,2017-04-21 08:31,2.2,20,15.5,20,2017-04-21 20:07,13.5,...,1.5,2017-04-21 18:16,4.5,2017-04-21 22:02,3.3,25.7,13.29,...,...,...,...,...
21,2017-04-22,,1012.4,1014.8,1014.5,2017-04-22 22:06,1009.7,2017-04-22 01:40,17.2,18.4,2017-04-22 13:13,15.5,2017-04-22 22:08,14.2,83,71,2017-04-22 12:49,1.2,20,8.3,20,2017-04-22 01:05,16.0,...,3.0,2017-04-22 17:10,8.0,2017-04-22 16:49,0.0,0.0,0.7,...,...,...,...,...
22,2017-04-23,,1013.4,1015.8,1014.7,2017-04-23 08:26,1012.2,2017-04-23 04:05,19.8,24.2,2017-04-23 10:47,15.7,2017-04-23 01:21,12.6,65,43,2017-04-23 14:39,1.4,70,8.9,170,2017-04-23 23:45,0.0,...,0.0,...,0.0,...,1.5,11.7,13.54,...,...,...,...,...
23,2017-04-24,,1012.8,1015.2,1014.3,2017-04-24 09:53,1011.5,2017-04-24 03:18,22.3,24.9,2017-04-24 15:37,20.6,2017-04-24 08:13,16.8,71,61,2017-04-24 00:02,1.6,140,7.2,140,2017-04-24 00:06,T,...,T,2017-04-24 08:06,T,2017-04-24 08:06,0.5,3.9,8.18,...,...,...,...,...
24,2017-04-25,,1011.1,1013.5,1012.7,2017-04-25 09:57,1009.9,2017-04-25 16:56,23.0,26.6,2017-04-25 09:44,20.2,2017-04-25 04:19,19.4,80,64,2017-04-25 09:27,1.2,130,X,X,...,0.0,...,0.0,...,0.0,...,2.0,15.5,9.43,...,...,...,...,...
25,2017-04-26,,1009.6,1012.0,1012.7,2017-04-26 22:00,1007.4,2017-04-26 15:33,23.0,28.2,2017-04-26 11:25,20.0,2017-04-26 21:25,20.0,84,72,2017-04-26 09:10,2.3,10,12.0,40,2017-04-26 18:09,2.5,...,1.0,2017-04-26 16:03,2.0,2017-04-26 15:33,1.1,8.5,10.8,...,...,...,...,...
26,2017-04-27,,1013.1,1015.5,1015.7,2017-04-27 22:00,1010.1,2017-04-27 04:11,17.3,20.3,2017-04-27 01:21,14.8,2017-04-27 22:28,14.5,84,64,2017-04-27 12:04,1.5,30,10.9,350,2017-04-27 09:47,11.0,...,1.0,2017-04-27 05:35,1.5,2017-04-27 04:45,0.0,0.0,2.81,...,...,...,...,...
27,2017-04-28,,1013.2,1015.6,1014.8,2017-04-28 00:02,1010.7,2017-04-28 16:06,18.7,23.7,2017-04-28 14:16,14.1,2017-04-28 03:29,10.0,60,35,2017-04-28 10:13,1.6,110,8.2,30,2017-04-28 08:35,0.0,...,0.0,...,0.0,...,11.7,90.1,25.42,...,...,...,...,...
28,2017-04-29,,1012.1,1014.5,1013.9,2017-04-29 07:57,1010.0,2017-04-29 16:42,21.2,27.9,2017-04-29 12:33,14.4,2017-04-29 05:52,11.4,55,30,2017-04-29 13:08,1.9,150,7.5,160,2017-04-29 19:03,0.0,...,0.0,...,0.0,...,11.6,89.2,25.85,...,...,...,...,...
29,2017-04-30,,1011.7,1014.0,1013.2,2017-04-30 07:53,1010.3,2017-04-30 16:23,22.8,27.3,2017-04-30 14:32,17.4,2017-04-30 04:22,15.5,64,42,2017-04-30 17:18,1.5,130,6.4,160,2017-04-30 00:58,0.0,...,0.0,...,0.0,...,11.5,88.3,24.56,...,...,...,...,...
0,2017-05-01,,1011.7,1014.0,1013.5,2017-05-01 07:33,1009.9,2017-05-01 15:38,24.7,29.7,2017-05-01 13:19,19.8,2017-05-01 05:34,17.9,67,44,2017-05-01 10:39,1.7,140,7.8,130,2017-05-01 22:46,0.0,...,0.0,...,0.0,...,9.4,72.1,22.02,...,...,...,...,...
1,2017-05-02,,1011.1,1013.4,1012.7,2017-05-02 08:29,1010.1,2017-05-02 02:49,24.9,29.1,2017-05-02 13:02,22.1,2017-05-02 05:13,19.3,71,55,2017-05-02 14:17,1.2,130,5.3,310,2017-05-02 13:11,T,...,T,2017-05-02 01:40,T,2017-05-02 01:40,0.9,6.9,9.4,...,...,...,...,...
2,2017-05-03,,1010.9,1013.2,1013.0,2017-05-03 08:43,1009.2,2017-05-03 15:22,25.6,30.4,2017-05-03 14:04,22.6,2017-05-03 05:18,21.1,77,62,2017-05-03 14:50,0.9,360,7.1,10,2017-05-03 11:57,0.0,...,0.0,...,0.0,...,5.1,39.0,16.6,...,...,...,...,...
3,2017-05-04,,1010.2,1012.5,1011.9,2017-05-04 22:10,1009.3,2017-05-04 01:51,25.7,29.1,2017-05-04 11:49,22.4,2017-05-04 02:55,21.9,80,66,2017-05-04 17:26,1.0,310,6.3,280,2017-05-04 12:36,0.0,...,0.0,...,0.0,...,3.4,25.9,14.39,...,...,...,...,...
4,2017-05-05,,1012.2,1014.5,1014.6,2017-05-05 22:09,1010.1,2017-05-05 03:07,26.8,30.1,2017-05-05 13:07,23.3,2017-05-05 04:14,22.4,77,63,2017-05-05 14:51,1.1,270,7.8,20,2017-05-05 14:39,0.0,...,0.0,...,0.0,...,7.0,53.3,18.82,...,...,...,...,...
5,2017-05-06,,1014.2,1016.5,1015.7,2017-05-06 22:08,1012.9,2017-05-06 01:39,24.5,28.9,2017-05-06 10:38,21.9,2017-05-06 23:41,20.4,78,68,2017-05-06 10:38,1.6,20,10.5,40,2017-05-06 13:06,0.0,...,0.0,...,0.0,...,2.0,15.2,12.97,...,...,...,...,...
6,2017-05-07,,1013.4,1015.7,1015.2,2017-05-07 08:09,1011.1,2017-05-07 16:25,25.1,29.5,2017-05-07 13:20,21.9,2017-05-07 00:23,18.9,69,57,2017-05-07 13:19,1.7,140,8.0,180,2017-05-07 16:03,0.0,...,0.0,...,0.0,...,7.4,56.2,19.76,...,...,...,...,...
7,2017-05-08,,1009.8,1012.1,1012.5,2017-05-08 00:01,1007.7,2017-05-08 15:28,26.0,30.6,2017-05-08 10:17,22.7,2017-05-08 05:20,20.7,73,59,2017-05-08 10:38,1.4,300,7.1,60,2017-05-08 00:09,0.0,...,0.0,...,0.0,...,6.3,47.8,17.68,...,...,...,...,...
8,2017-05-09,,1010.2,1012.5,1012.5,2017-05-09 22:00,1007.1,2017-05-09 04:42,25.2,28.1,2017-05-09 12:18,22.9,2017-05-09 07:08,21.4,80,64,2017-05-09 16:39,0.9,300,11.7,270,2017-05-09 06:00,2.5,...,2.0,2017-05-09 06:58,2.5,2017-05-09 06:53,1.5,11.4,10.51,...,...,...,...,...
9,2017-05-10,,1012.0,1014.3,1013.4,2017-05-10 21:11,1010.5,2017-05-10 15:24,28.2,33.5,2017-05-10 14:06,22.9,2017-05-10 02:42,21.3,67,49,2017-05-10 12:55,1.8,150,8.6,120,2017-05-10 10:44,0.0,...,0.0,...,0.0,...,9.5,71.8,21.92,...,...,...,...,...
10,2017-05-11,,1012.1,1014.4,1013.5,2017-05-11 07:25,1010.8,2017-05-11 23:55,27.2,30.0,2017-05-11 11:53,24.2,2017-05-11 05:22,22.4,75,63,2017-05-11 19:15,1.2,300,6.4,310,2017-05-11 12:30,0.0,...,0.0,...,0.0,...,6.2,46.8,19.11,...,...,...,...,...
11,2017-05-12,,1008.4,1010.7,1010.8,2017-05-12 00:01,1006.5,2017-05-12 16:03,26.7,30.2,2017-05-12 12:51,24.5,2017-05-12 03:40,22.6,78,68,2017-05-12 09:35,1.3,310,5.8,330,2017-05-12 22:44,0.5,...,0.5,2017-05-12 22:23,0.5,2017-05-12 22:23,1.0,7.5,10.91,...,...,...,...,...
12,2017-05-13,,1007.5,1009.8,1009.9,2017-05-13 22:03,1005.2,2017-05-13 03:32,25.2,28.8,2017-05-13 12:15,23.4,2017-05-13 23:45,22.3,84,71,2017-05-13 12:19,1.4,360,9.1,330,2017-05-13 05:05,3.5,...,1.5,2017-05-13 04:52,1.5,2017-05-13 04:02,0.7,5.3,7.95,...,...,...,...,...
13,2017-05-14,,1008.9,1011.2,1010.8,2017-05-14 09:18,1007.1,2017-05-14 16:35,26.7,31.0,2017-05-14 12:59,23.1,2017-05-14 04:43,21.0,72,55,2017-05-14 14:14,1.6,150,6.8,140,2017-05-14 21:49,0.0,...,0.0,...,0.0,...,6.8,51.1,19.97,...,...,...,...,...
14,2017-05-15,,1008.1,1010.4,1009.4,2017-05-15 06:20,1005.8,2017-05-15 13:52,25.9,32.0,2017-05-15 11:47,20.7,2017-05-15 22:37,21.3,77,57,2017-05-15 13:37,1.4,10,13.0,230,2017-05-15 16:08,81.0,...,19.5,2017-05-15 16:08,49.0,2017-05-15 19:13,5.5,41.3,14.46,...,...,...,...,...
15,2017-05-16,,1007.1,1009.4,1008.5,2017-05-16 00:01,1005.9,2017-05-16 15:19,20.7,22.2,2017-05-16 11:29,19.9,2017-05-16 23:23,20.1,96,91,2017-05-16 12:37,1.1,140,7.1,10,2017-05-16 12:29,40.0,...,2.5,2017-05-16 19:46,6.0,2017-05-16 19:00,0.0,0.0,3.7,...,...,...,...,...
16,2017-05-17,,1008.3,1010.6,1010.8,2017-05-17 22:32,1005.8,2017-05-17 02:43,23.7,30.5,2017-05-17 12:45,19.9,2017-05-17 00:01,19.0,77,53,2017-05-17 12:19,1.5,130,10.6,20,2017-05-17 14:41,1.0,...,0.5,2017-05-17 01:52,0.5,2017-05-17 01:02,6.8,50.9,19.21,...,...,...,...,...
17,2017-05-18,,1010.5,1012.8,1011.8,2017-05-18 09:52,1009.3,2017-05-18 00:30,25.7,29.1,2017-05-18 12:08,20.9,2017-05-18 00:07,18.0,63,54,2017-05-18 11:21,2.5,120,13.5,110,2017-05-18 21:57,0.0,...,0.0,...,0.0,...,7.0,52.4,19.98,...,...,...,...,...
18,2017-05-19,,1009.7,1012.0,1011.3,2017-05-19 08:48,1008.1,2017-05-19 15:30,25.1,28.0,2017-05-19 10:13,22.3,2017-05-19 20:22,19.1,69,62,2017-05-19 15:09,3.4,150,13.3,160,2017-05-19 11:12,1.0,...,0.5,2017-05-19 18:40,0.5,2017-05-19 17:50,0.4,3.0,11.96,...,...,...,...,...
19,2017-05-20,,1006.9,1009.2,1009.3,2017-05-20 00:01,1005.4,2017-05-20 16:02,25.8,31.0,2017-05-20 13:07,22.0,2017-05-20 04:27,19.4,68,56,2017-05-20 11:19,2.1,140,10.0,120,2017-05-20 00:41,1.5,...,0.5,2017-05-20 00:25,1.0,2017-05-20 03:21,4.3,32.1,20.52,...,...,...,...,...
20,2017-05-21,,1006.1,1008.4,1007.5,2017-05-21 21:18,1004.9,2017-05-21 01:48,25.6,28.8,2017-05-21 14:51,22.6,2017-05-21 21:45,20.4,73,63,2017-05-21 18:00,1.4,20,8.6,10,2017-05-21 12:36,0.0,...,0.0,...,0.0,...,2.3,17.1,13.89,...,...,...,...,...
21,2017-05-22,,1006.4,1008.7,1007.6,2017-05-22 22:03,1005.3,2017-05-22 02:37,26.6,31.3,2017-05-22 14:43,22.8,2017-05-22 00:55,21.3,73,62,2017-05-22 12:23,1.6,170,5.7,190,2017-05-22 11:46,T,...,T,2017-05-22 11:27,T,2017-05-22 11:27,1.7,12.7,14.01,...,...,...,...,...
22,2017-05-23,,1006.2,1008.5,1007.7,2017-05-23 08:05,1004.5,2017-05-23 17:13,26.6,30.2,2017-05-23 12:46,24.7,2017-05-23 02:06,22.4,77,71,2017-05-23 13:51,1.2,310,7.9,300,2017-05-23 10:51,0.0,...,0.0,...,0.0,...,4.8,35.7,16.22,...,...,...,...,...
23,2017-05-24,,1004.9,1007.2,1008.1,2017-05-24 22:18,1003.4,2017-05-24 15:29,25.7,29.5,2017-05-24 13:44,22.1,2017-05-24 21:10,22.5,83,74,2017-05-24 08:41,1.6,300,12.5,10,2017-05-24 16:56,8.5,...,2.0,2017-05-24 19:12,4.5,2017-05-24 18:41,0.2,1.5,8.76,...,...,...,...,...
24,2017-05-25,,1007.7,1010.0,1009.8,2017-05-25 21:56,1005.8,2017-05-25 02:57,22.6,24.2,2017-05-25 14:26,21.4,2017-05-25 23:19,19.3,82,72,2017-05-25 19:13,1.2,20,6.5,30,2017-05-25 01:11,2.5,...,1.0,2017-05-25 07:21,2.0,2017-05-25 06:31,0.0,0.0,3.56,...,...,...,...,...
25,2017-05-26,,1008.9,1011.2,1010.4,2017-05-26 21:09,1007.6,2017-05-26 04:13,23.5,25.4,2017-05-26 11:46,20.9,2017-05-26 04:11,17.2,68,56,2017-05-26 10:35,0.9,140,7.9,110,2017-05-26 23:59,0.0,...,0.0,...,0.0,...,0.0,0.0,8.76,...,...,...,...,...
26,2017-05-27,,1008.5,1010.8,1010.4,2017-05-27 13:10,1007.0,2017-05-27 04:50,23.8,26.4,2017-05-27 09:32,20.6,2017-05-27 16:17,16.5,65,45,2017-05-27 00:40,2.0,120,13.0,110,2017-05-27 22:25,1.5,...,1.0,2017-05-27 13:33,1.5,2017-05-27 13:10,0.0,0.0,4.35,...,...,...,...,...
27,2017-05-28,,1007.5,1009.8,1008.7,2017-05-28 22:40,1006.3,2017-05-28 02:51,25.1,27.7,2017-05-28 09:49,23.2,2017-05-28 23:42,19.2,70,62,2017-05-28 16:06,2.7,130,12.9,110,2017-05-28 01:17,0.0,...,0.0,...,0.0,...,2.2,16.3,15.39,...,...,...,...,...
28,2017-05-29,,1007.7,1010.0,1009.3,2017-05-29 07:43,1006.1,2017-05-29 15:34,27.1,30.9,2017-05-29 13:25,22.9,2017-05-29 01:59,20.8,69,58,2017-05-29 13:14,2.7,120,12.2,160,2017-05-29 16:05,0.0,...,0.0,...,0.0,...,10.1,74.7,26.47,...,...,...,...,...
29,2017-05-30,,1007.2,1009.5,1008.9,2017-05-30 06:57,1005.5,2017-05-30 23:54,27.1,30.6,2017-05-30 10:05,25.3,2017-05-30 06:03,22.2,75,64,2017-05-30 11:40,1.5,150,8.7,150,2017-05-30 00:04,0.0,...,0.0,...,0.0,...,1.5,11.1,12.96,...,...,...,...,...
30,2017-05-31,,1003.5,1005.8,1005.7,2017-05-31 08:23,1001.4,2017-05-31 16:23,27.0,29.9,2017-05-31 14:25,25.4,2017-05-31 01:31,23.5,81,68,2017-05-31 20:41,1.5,310,7.5,310,2017-05-31 12:30,T,...,T,2017-05-31 02:52,T,2017-05-31 02:52,4.1,30.3,15.07,...,...,...,...,...
0,2017-06-01,,1000.3,1002.6,1002.2,2017-06-01 06:43,998.2,2017-06-01 15:54,29.0,31.7,2017-06-01 11:53,25.8,2017-06-01 05:02,22.9,70,59,2017-06-01 13:13,1.7,240,12.6,210,2017-06-01 23:53,0.0,...,0.0,...,0.0,...,3.4,25.1,14.95,...,...,...,...,...
1,2017-06-02,,1000.4,1002.7,1003.7,2017-06-02 22:23,997.0,2017-06-02 03:40,24.3,29.3,2017-06-02 00:26,23.0,2017-06-02 04:00,23.2,93,69,2017-06-02 00:18,1.8,360,12.4,260,2017-06-02 01:02,379.5,...,24.0,2017-06-02 10:32,114.0,2017-06-02 09:49,0.0,0.0,0.99,...,...,...,...,...
2,2017-06-03,,1002.5,1004.8,1003.7,2017-06-03 09:20,1001.2,2017-06-03 15:39,24.3,26.0,2017-06-03 09:04,23.4,2017-06-03 20:35,23.5,95,87,2017-06-03 09:32,1.4,140,8.7,140,2017-06-03 19:27,152.5,...,12.5,2017-06-03 16:55,48.5,2017-06-03 16:55,0.0,0.0,2.16,...,...,...,...,...
3,2017-06-04,,1004.2,1006.5,1007.0,2017-06-04 21:58,1001.6,2017-06-04 01:05,25.0,27.1,2017-06-04 10:58,23.6,2017-06-04 01:19,24.2,95,88,2017-06-04 12:12,0.6,320,4.1,260,2017-06-04 13:54,32.0,...,6.5,2017-06-04 04:59,19.0,2017-06-04 04:43,0.0,0.0,0.0,...,...,...,...,...
4,2017-06-05,,1007.0,1009.3,1009.0,2017-06-05 22:53,1005.5,2017-06-05 02:24,27.9,36.9,2017-06-05 13:24,24.3,2017-06-05 03:45,24.7,84,56,2017-06-05 13:32,0.8,310,4.0,330,2017-06-05 13:30,T,...,T,2017-06-05 03:34,T,2017-06-05 03:34,3.7,27.2,14.68,...,...,...,...,...
5,2017-06-06,,1008.5,1010.8,1009.4,2017-06-06 07:18,1007.5,2017-06-06 15:21,28.1,31.3,2017-06-06 12:46,24.7,2017-06-06 04:18,24.9,83,73,2017-06-06 09:12,0.9,300,5.6,300,2017-06-06 11:05,0.0,...,0.0,...,0.0,...,8.8,64.7,23.23,...,...,...,...,...
6,2017-06-07,,1008.9,1011.2,1010.5,2017-06-07 22:12,1007.4,2017-06-07 14:37,28.4,31.6,2017-06-07 10:10,25.6,2017-06-07 03:58,24.7,80,69,2017-06-07 09:54,1.2,310,8.0,330,2017-06-07 11:09,0.0,...,0.0,...,0.0,...,10.4,76.4,23.47,...,...,...,...,...
7,2017-06-08,,1009.2,1011.5,1010.4,2017-06-08 08:18,1007.4,2017-06-08 15:58,28.9,32.9,2017-06-08 14:00,25.6,2017-06-08 04:58,24.3,77,56,2017-06-08 15:36,1.0,270,6.4,360,2017-06-08 13:53,0.0,...,0.0,...,0.0,...,11.0,80.8,23.81,...,...,...,...,...
8,2017-06-09,,1008.5,1010.8,1009.4,2017-06-09 22:00,1007.0,2017-06-09 16:58,28.4,31.1,2017-06-09 10:22,25.9,2017-06-09 04:15,24.6,80,69,2017-06-09 15:38,0.8,300,5.3,300,2017-06-09 12:06,0.0,...,0.0,...,0.0,...,8.7,63.9,21.87,...,...,...,...,...
9,2017-06-10,,1007.2,1009.5,1008.6,2017-06-10 00:01,1006.0,2017-06-10 15:26,28.7,31.6,2017-06-10 12:01,25.5,2017-06-10 04:31,25.0,80,71,2017-06-10 17:30,1.1,300,7.7,310,2017-06-10 14:36,0.0,...,0.0,...,0.0,...,9.6,70.4,22.62,...,...,...,...,...
10,2017-06-11,,1006.4,1008.7,1008.0,2017-06-11 22:24,1004.9,2017-06-11 03:19,28.5,31.7,2017-06-11 12:14,26.2,2017-06-11 21:53,25.2,83,71,2017-06-11 08:18,1.6,140,6.7,280,2017-06-11 11:55,0.5,...,0.5,2017-06-11 20:07,0.5,2017-06-11 19:17,7.0,51.3,21.27,...,...,...,...,...
11,2017-06-12,,1007.2,1009.5,1009.2,2017-06-12 23:24,1005.4,2017-06-12 15:46,27.2,31.8,2017-06-12 13:07,24.0,2017-06-12 18:53,24.3,85,73,2017-06-12 07:22,1.7,140,11.3,140,2017-06-12 16:55,7.0,...,4.5,2017-06-12 18:24,6.0,2017-06-12 17:35,2.9,22.0,12.2,...,...,...,...,...
12,2017-06-13,,1007.1,X,1008.9,2017-06-13 00:01,1005.6,2017-06-13 15:14,X,X,...,X,...,24.6,...,X,...,1.4,130,10.1,160,2017-06-13 15:35,6.0,...,4.0,2017-06-13 15:41,6.0,2017-06-13 15:05,5.3,38.8,16.96,...,...,...,...,...
13,2017-06-14,,1006.5,1008.8,1008.6,2017-06-14 21:21,1003.3,2017-06-14 03:24,24.2,26.3,2017-06-14 01:19,22.3,2017-06-14 23:59,23.2,94,87,2017-06-14 04:40,2.1,10,14.4,200,2017-06-14 08:48,110.0,...,7.0,2017-06-14 14:05,20.5,2017-06-14 13:42,0.0,0.0,1.46,...,...,...,...,...
14,2017-06-15,,1007.4,1009.7,1008.7,2017-06-15 09:28,1005.9,2017-06-15 17:13,22.7,24.2,2017-06-15 12:38,22.1,2017-06-15 08:38,22.1,96,80,2017-06-15 14:36,0.6,150,3.5,150,2017-06-15 08:45,53.5,...,2.5,2017-06-15 13:29,7.5,2017-06-15 14:24,0.0,0.0,2.78,...,...,...,...,...
15,2017-06-16,,1004.3,1006.6,1006.4,2017-06-16 00:01,1002.6,2017-06-16 16:13,23.6,25.5,2017-06-16 13:37,22.1,2017-06-16 00:44,23.1,97,94,2017-06-16 12:44,1.0,360,8.1,10,2017-06-16 12:40,76.0,...,5.0,2017-06-16 11:44,14.5,2017-06-16 11:17,0.0,0.0,1.76,...,...,...,...,...
16,2017-06-17,,1003.5,1005.8,1006.9,2017-06-17 21:31,1001.2,2017-06-17 03:28,23.3,24.9,2017-06-17 09:05,22.0,2017-06-17 20:25,22.8,97,92,2017-06-17 11:25,1.1,150,8.1,30,2017-06-17 12:49,56.0,...,4.0,2017-06-17 16:07,15.0,2017-06-17 15:42,0.0,0.0,1.66,...,...,...,...,...
17,2017-06-18,,1004.7,1007.0,1006.1,2017-06-18 22:03,1003.1,2017-06-18 14:35,23.6,29.2,2017-06-18 10:34,22.2,2017-06-18 00:01,22.8,95,85,2017-06-18 11:44,1.2,120,11.3,240,2017-06-18 18:27,37.0,...,2.0,2017-06-18 06:21,7.5,2017-06-18 06:10,0.0,0.0,4.55,...,...,...,...,...
18,2017-06-19,,1004.3,1006.6,1005.6,2017-06-19 10:56,1002.7,2017-06-19 15:51,26.4,32.6,2017-06-19 14:00,23.0,2017-06-19 03:42,23.6,85,62,2017-06-19 13:40,1.1,240,10.7,230,2017-06-19 11:40,4.0,...,0.5,2017-06-19 02:48,1.5,2017-06-19 05:10,0.5,3.7,9.86,...,...,...,...,...
19,2017-06-20,,1002.9,1005.2,1004.6,2017-06-20 22:01,1001.6,2017-06-20 03:56,27.9,32.0,2017-06-20 14:22,24.2,2017-06-20 05:08,22.3,72,57,2017-06-20 11:45,1.5,230,8.9,200,2017-06-20 10:42,0.0,...,0.0,...,0.0,...,1.1,8.1,12.05,...,...,...,...,...
20,2017-06-21,,1004.7,1007.0,1007.4,2017-06-21 22:29,1003.1,2017-06-21 02:31,28.1,32.4,2017-06-21 12:37,25.5,2017-06-21 02:10,23.3,75,55,2017-06-21 12:27,1.2,260,8.8,260,2017-06-21 16:51,0.0,...,0.0,...,0.0,...,0.7,5.1,12.77,...,...,...,...,...
21,2017-06-22,,1006.8,1009.1,1008.2,2017-06-22 22:03,1005.5,2017-06-22 04:06,28.6,32.7,2017-06-22 11:26,24.9,2017-06-22 05:04,24.2,77,65,2017-06-22 09:37,1.4,300,9.2,320,2017-06-22 15:52,0.0,...,0.0,...,0.0,...,9.5,69.5,24.29,...,...,...,...,...
22,2017-06-23,,1006.2,1008.5,1007.7,2017-06-23 00:01,1004.7,2017-06-23 15:52,28.7,32.1,2017-06-23 09:50,25.2,2017-06-23 04:57,24.3,78,63,2017-06-23 09:22,1.3,300,8.8,310,2017-06-23 12:22,0.0,...,0.0,...,0.0,...,8.2,60.0,21.31,...,...,...,...,...
23,2017-06-24,,1004.0,1006.3,1005.3,2017-06-24 00:01,1002.4,2017-06-24 16:05,29.0,31.7,2017-06-24 14:01,25.4,2017-06-24 04:36,23.5,72,60,2017-06-24 20:24,1.7,260,10.0,260,2017-06-24 13:47,0.0,...,0.0,...,0.0,...,8.8,64.4,20.51,...,...,...,...,...
24,2017-06-25,,1004.0,1006.3,1005.7,2017-06-25 22:40,1003.1,2017-06-25 03:16,29.2,32.3,2017-06-25 12:25,26.0,2017-06-25 05:16,23.3,71,62,2017-06-25 13:39,1.5,250,12.2,270,2017-06-25 11:23,0.0,...,0.0,...,0.0,...,5.2,38.1,17.85,...,...,...,...,...
25,2017-06-26,,1005.9,1008.2,1008.9,2017-06-26 22:43,1004.3,2017-06-26 14:45,29.8,33.8,2017-06-26 11:46,26.6,2017-06-26 22:46,23.4,69,56,2017-06-26 11:42,1.6,270,10.7,240,2017-06-26 10:11,0.0,...,0.0,...,0.0,...,8.7,63.7,22.38,...,...,...,...,...
26,2017-06-27,,1008.1,1010.4,1010.2,2017-06-27 21:48,1006.9,2017-06-27 01:20,28.7,33.1,2017-06-27 11:15,26.1,2017-06-27 23:58,24.4,78,65,2017-06-27 11:12,1.6,300,8.7,270,2017-06-27 10:38,T,...,T,2017-06-27 17:55,T,2017-06-27 17:55,4.6,33.7,15.87,...,...,...,...,...
27,2017-06-28,,1008.9,1011.2,1010.5,2017-06-28 21:56,1007.6,2017-06-28 15:56,29.1,32.7,2017-06-28 12:28,25.9,2017-06-28 04:55,24.9,78,63,2017-06-28 15:41,1.0,140,6.6,290,2017-06-28 12:43,0.0,...,0.0,...,0.0,...,9.5,69.6,23.04,...,...,...,...,...
28,2017-06-29,,1008.4,1010.7,1009.9,2017-06-29 00:01,1006.7,2017-06-29 15:27,28.5,32.0,2017-06-29 13:13,26.1,2017-06-29 04:46,24.5,79,64,2017-06-29 15:53,1.1,310,5.6,330,2017-06-29 15:37,0.0,...,0.0,...,0.0,...,3.7,27.1,15.82,...,...,...,...,...
29,2017-06-30,,1007.6,1009.9,1008.6,2017-06-30 00:04,1006.1,2017-06-30 15:39,28.5,33.4,2017-06-30 12:06,25.2,2017-06-30 04:35,24.4,79,59,2017-06-30 13:07,1.1,150,5.9,340,2017-06-30 13:39,1.5,...,0.5,2017-06-30 16:12,1.0,2017-06-30 16:00,7.4,54.2,20.25,...,...,...,...,...
0,2017-07-01,,1007.0,1009.3,1009.3,2017-07-01 19:22,1005.3,2017-07-01 15:17,28.3,33.1,2017-07-01 11:57,25.1,2017-07-01 04:57,24.8,82,60,2017-07-01 10:14,1.4,150,8.5,180,2017-07-01 20:50,8.5,...,1.5,2017-07-01 18:30,6.0,2017-07-01 18:22,8.2,60.1,20.36,...,...,...,...,...
1,2017-07-02,,1006.8,1009.1,1008.1,2017-07-02 21:29,1005.1,2017-07-02 16:06,28.9,33.0,2017-07-02 12:32,25.1,2017-07-02 05:02,24.8,79,61,2017-07-02 14:21,1.4,150,7.1,330,2017-07-02 13:50,0.0,...,0.0,...,0.0,...,9.3,68.2,21.92,...,...,...,...,...
2,2017-07-03,,1006.6,1008.9,1008.7,2017-07-03 21:44,1005.1,2017-07-03 16:58,28.7,32.4,2017-07-03 14:00,26.1,2017-07-03 15:11,24.2,77,66,2017-07-03 17:23,1.4,310,12.5,150,2017-07-03 14:44,0.0,...,0.0,...,0.0,...,9.7,71.2,21.3,...,...,...,...,...
3,2017-07-04,,1008.5,1010.8,1009.9,2017-07-04 21:44,1006.9,2017-07-04 03:28,28.6,33.5,2017-07-04 14:49,25.7,2017-07-04 20:48,24.9,82,61,2017-07-04 10:20,1.6,150,6.6,330,2017-07-04 11:32,3.0,...,1.0,2017-07-04 17:25,2.5,2017-07-04 17:05,7.1,52.1,18.79,...,...,...,...,...
4,2017-07-05,,1009.8,1012.1,1010.8,2017-07-05 07:05,1007.9,2017-07-05 16:43,29.3,34.4,2017-07-05 14:03,25.2,2017-07-05 04:22,24.9,78,53,2017-07-05 14:29,1.2,160,8.4,330,2017-07-05 15:27,0.0,...,0.0,...,0.0,...,8.9,65.4,15.9,...,...,...,...,...
5,2017-07-06,,1008.9,1011.2,1010.7,2017-07-06 00:01,1006.1,2017-07-06 15:40,29.7,34.1,2017-07-06 15:26,26.5,2017-07-06 04:00,24.7,75,56,2017-07-06 15:43,1.3,90,9.2,150,2017-07-06 16:41,0.0,...,0.0,...,0.0,...,7.0,51.5,16.62,...,...,...,...,...
6,2017-07-07,,1010.0,1012.3,1012.5,2017-07-07 23:00,1008.6,2017-07-07 04:43,27.8,33.2,2017-07-07 11:48,24.1,2017-07-07 18:11,24.1,81,66,2017-07-07 15:55,1.3,160,7.7,140,2017-07-07 17:56,16.5,...,3.0,2017-07-07 17:10,9.5,2017-07-07 16:58,0.6,4.4,12.19,...,...,...,...,...
7,2017-07-08,,1010.1,1012.4,1011.8,2017-07-08 00:01,1008.1,2017-07-08 16:14,28.0,31.8,2017-07-08 14:10,24.8,2017-07-08 02:23,24.6,82,68,2017-07-08 09:39,1.3,150,6.7,160,2017-07-08 19:37,0.0,...,0.0,...,0.0,...,5.4,39.7,19.38,...,...,...,...,...
8,2017-07-09,,1009.0,1011.3,1011.1,2017-07-09 00:01,1007.4,2017-07-09 16:51,29.0,32.7,2017-07-09 10:08,25.8,2017-07-09 04:37,25.2,80,62,2017-07-09 10:11,1.6,140,6.8,320,2017-07-09 14:42,0.0,...,0.0,...,0.0,...,8.9,65.5,23.26,...,...,...,...,...
9,2017-07-10,,1007.5,1009.8,1009.0,2017-07-10 22:16,1006.4,2017-07-10 15:17,29.1,32.4,2017-07-10 12:10,26.5,2017-07-10 05:27,25.7,82,65,2017-07-10 10:05,1.2,310,8.0,310,2017-07-10 14:20,0.0,...,0.0,...,0.0,...,4.6,33.9,15.8,...,...,...,...,...
10,2017-07-11,,1009.4,1011.7,1011.7,2017-07-11 22:12,1007.5,2017-07-11 02:21,28.9,32.8,2017-07-11 12:19,26.7,2017-07-11 05:31,25.6,82,71,2017-07-11 09:50,1.0,150,6.1,320,2017-07-11 11:55,0.0,...,0.0,...,0.0,...,5.0,36.9,15.17,...,...,...,...,...
11,2017-07-12,,1010.2,1012.5,1011.2,2017-07-12 10:29,1008.8,2017-07-12 16:38,29.4,33.1,2017-07-12 12:39,26.5,2017-07-12 05:03,25.6,80,68,2017-07-12 08:25,1.0,280,5.2,250,2017-07-12 12:52,0.0,...,0.0,...,0.0,...,10.5,77.5,24.32,...,...,...,...,...
12,2017-07-13,,1008.1,1010.4,1009.4,2017-07-13 07:39,1006.2,2017-07-13 16:27,29.3,33.2,2017-07-13 14:11,26.0,2017-07-13 04:54,24.6,76,62,2017-07-13 09:20,0.9,280,5.5,270,2017-07-13 13:26,0.0,...,0.0,...,0.0,...,11.2,82.7,24.12,...,...,...,...,...
13,2017-07-14,,1007.6,1009.9,1008.8,2017-07-14 23:01,1006.1,2017-07-14 15:54,29.7,34.5,2017-07-14 11:57,26.4,2017-07-14 04:22,24.3,73,56,2017-07-14 10:02,1.0,290,6.8,320,2017-07-14 12:19,0.0,...,0.0,...,0.0,...,7.7,56.9,17.14,...,...,...,...,...
14,2017-07-15,,1008.0,1010.3,1009.2,2017-07-15 06:53,1005.8,2017-07-15 16:30,30.4,34.5,2017-07-15 13:59,26.6,2017-07-15 04:32,23.1,66,52,2017-07-15 16:35,1.9,150,9.3,110,2017-07-15 22:00,0.0,...,0.0,...,0.0,...,11.1,82.1,22.23,...,...,...,...,...
15,2017-07-16,,1008.3,1010.6,1009.8,2017-07-16 22:19,1006.1,2017-07-16 17:24,30.2,34.7,2017-07-16 15:21,27.3,2017-07-16 04:15,23.4,68,52,2017-07-16 14:46,2.2,150,15.4,160,2017-07-16 16:55,0.0,...,0.0,...,0.0,...,8.6,63.7,18.63,...,...,...,...,...
16,2017-07-17,,1010.4,1012.7,1012.2,2017-07-17 22:11,1008.8,2017-07-17 01:00,29.8,34.9,2017-07-17 10:31,26.5,2017-07-17 05:11,24.7,75,49,2017-07-17 10:55,0.9,310,6.3,140,2017-07-17 09:00,0.0,...,0.0,...,0.0,...,2.9,21.5,15.38,...,...,...,...,...
17,2017-07-18,,1010.8,1013.1,1012.4,2017-07-18 08:07,1008.6,2017-07-18 17:27,29.9,34.4,2017-07-18 13:00,27.3,2017-07-18 04:55,25.4,78,58,2017-07-18 11:09,1.1,290,8.1,360,2017-07-18 13:14,0.0,...,0.0,...,0.0,...,8.1,60.1,20.36,...,...,...,...,...
18,2017-07-19,,1008.4,1010.7,1011.1,2017-07-19 00:01,1006.2,2017-07-19 17:31,30.0,35.0,2017-07-19 14:49,26.4,2017-07-19 03:27,24.1,72,51,2017-07-19 14:22,1.2,90,8.2,330,2017-07-19 12:22,0.0,...,0.0,...,0.0,...,11.4,84.7,21.86,...,...,...,...,...
19,2017-07-20,,1007.9,1010.2,1009.1,2017-07-20 08:30,1006.2,2017-07-20 17:18,30.8,36.3,2017-07-20 12:21,26.8,2017-07-20 05:19,23.4,66,42,2017-07-20 14:09,1.3,320,6.8,320,2017-07-20 13:12,0.0,...,0.0,...,0.0,...,11.2,83.3,21.71,...,...,...,...,...
20,2017-07-21,,1008.3,1010.6,1010.0,2017-07-21 10:26,1006.6,2017-07-21 16:00,30.6,34.8,2017-07-21 13:22,26.4,2017-07-21 05:25,23.9,68,52,2017-07-21 17:50,1.9,150,11.4,150,2017-07-21 21:40,0.0,...,0.0,...,0.0,...,11.2,83.4,21.29,...,...,...,...,...
21,2017-07-22,,1007.1,1009.4,1009.2,2017-07-22 06:07,1005.0,2017-07-22 16:19,31.5,37.7,2017-07-22 12:09,27.2,2017-07-22 05:20,22.6,60,44,2017-07-22 11:48,2.2,150,13.5,170,2017-07-22 13:56,0.0,...,0.0,...,0.0,...,7.2,53.6,18.89,...,...,...,...,...
22,2017-07-23,,1005.9,1008.1,1007.3,2017-07-23 00:01,1005.1,2017-07-23 16:32,30.6,34.9,2017-07-23 10:03,27.5,2017-07-23 00:48,24.8,72,55,2017-07-23 09:43,1.3,160,5.8,280,2017-07-23 11:34,0.0,...,0.0,...,0.0,...,9.9,73.8,20.84,...,...,...,...,...
23,2017-07-24,,1004.4,1006.7,1005.8,2017-07-24 08:06,1002.5,2017-07-24 17:03,30.1,33.8,2017-07-24 12:00,27.3,2017-07-24 02:01,26.2,80,67,2017-07-24 12:00,0.8,310,5.7,330,2017-07-24 12:02,0.0,...,0.0,...,0.0,...,8.5,63.5,20.19,...,...,...,...,...
24,2017-07-25,,1003.7,1006.0,1004.8,2017-07-25 21:52,1002.4,2017-07-25 16:40,30.0,34.2,2017-07-25 12:24,27.4,2017-07-25 05:33,25.1,75,62,2017-07-25 13:36,0.7,310,6.5,340,2017-07-25 12:42,0.0,...,0.0,...,0.0,...,8.0,59.8,18.89,...,...,...,...,...
25,2017-07-26,,1003.2,1005.5,1004.1,2017-07-26 00:01,1002.2,2017-07-26 16:10,29.5,33.5,2017-07-26 10:42,26.6,2017-07-26 03:31,25.4,79,66,2017-07-26 13:23,1.0,90,6.3,320,2017-07-26 14:29,0.5,...,0.5,2017-07-26 11:43,0.5,2017-07-26 11:43,7.1,53.2,17.87,...,...,...,...,...
26,2017-07-27,,1003.2,1005.5,1004.9,2017-07-27 07:55,1001.3,2017-07-27 16:53,30.2,33.9,2017-07-27 16:06,26.6,2017-07-27 02:40,24.2,71,52,2017-07-27 17:11,1.3,130,7.3,150,2017-07-27 21:11,0.0,...,0.0,...,0.0,...,8.3,62.2,18.91,...,...,...,...,...
27,2017-07-28,,1002.1,1004.4,1003.5,2017-07-28 00:01,1001.0,2017-07-28 16:33,30.6,36.5,2017-07-28 11:49,27.5,2017-07-28 23:14,24.4,70,52,2017-07-28 11:49,1.4,120,8.4,110,2017-07-28 11:24,0.5,...,0.5,2017-07-28 22:15,0.5,2017-07-28 21:25,6.8,51.0,17.05,...,...,...,...,...
28,2017-07-29,,993.8,996.1,1001.3,2017-07-29 00:02,979.1,2017-07-29 22:10,28.5,31.1,2017-07-29 12:26,25.8,2017-07-29 15:17,24.6,80,64,2017-07-29 12:19,2.5,100,26.3,120,2017-07-29 21:56,49.0,...,6.5,2017-07-29 10:33,16.0,2017-07-29 19:02,2.2,16.5,10.27,...,...,...,...,...
29,2017-07-30,,990.9,993.1,994.8,2017-07-30 09:04,982.5,2017-07-30 00:01,31.3,35.7,2017-07-30 13:13,28.4,2017-07-30 01:56,23.7,64,50,2017-07-30 11:45,3.7,140,20.0,110,2017-07-30 21:53,1.0,...,0.5,2017-07-30 00:18,1.0,2017-07-30 00:27,8.5,64.0,23.82,...,...,...,...,...
30,2017-07-31,,996.6,998.9,1001.0,2017-07-31 22:10,988.5,2017-07-31 00:29,27.9,31.3,2017-07-31 15:13,25.5,2017-07-31 07:48,24.4,81,63,2017-07-31 00:42,1.4,150,17.7,160,2017-07-31 00:20,4.0,...,0.5,2017-07-31 05:40,2.0,2017-07-31 07:03,0.4,3.0,6.24,...,...,...,...,...
0,2017-08-01,,1002.0,1004.3,1004.0,2017-08-01 22:37,999.8,2017-08-01 01:04,28.8,32.8,2017-08-01 13:50,25.8,2017-08-01 03:20,24.6,79,63,2017-08-01 14:47,1.0,140,4.0,130,2017-08-01 00:52,0.0,...,0.0,...,0.0,...,2.7,20.4,12.59,...,...,...,...,...
1,2017-08-02,,1002.3,1004.6,1003.9,2017-08-02 00:04,1000.6,2017-08-02 17:35,28.4,32.7,2017-08-02 12:25,26.4,2017-08-02 20:41,25.7,86,71,2017-08-02 08:43,0.8,310,6.5,270,2017-08-02 14:16,5.0,...,2.0,2017-08-02 14:47,4.0,2017-08-02 14:22,6.8,51.4,18.35,...,...,...,...,...
2,2017-08-03,,1001.1,1003.4,1002.4,2017-08-03 00:01,999.0,2017-08-03 15:50,29.0,32.4,2017-08-03 13:32,26.0,2017-08-03 05:22,25.8,83,72,2017-08-03 13:17,1.0,150,5.7,340,2017-08-03 12:10,0.0,...,0.0,...,0.0,...,10.3,77.9,21.95,...,...,...,...,...
3,2017-08-04,,1002.0,1004.3,1003.2,2017-08-04 22:34,1001.0,2017-08-04 16:44,29.5,32.7,2017-08-04 12:53,26.2,2017-08-04 05:12,25.9,81,74,2017-08-04 11:33,1.2,320,7.3,330,2017-08-04 15:29,0.0,...,0.0,...,0.0,...,10.1,76.5,22.35,...,...,...,...,...
4,2017-08-05,,1002.9,1005.2,1004.0,2017-08-05 08:34,1001.5,2017-08-05 15:40,30.7,35.4,2017-08-05 13:44,27.5,2017-08-05 01:04,24.8,71,57,2017-08-05 13:53,1.3,240,10.5,300,2017-08-05 15:30,0.0,...,0.0,...,0.0,...,8.2,62.2,21.44,...,...,...,...,...
5,2017-08-06,,1003.0,1005.3,1004.5,2017-08-06 08:09,1001.2,2017-08-06 16:20,30.9,35.3,2017-08-06 11:20,27.8,2017-08-06 05:29,25.0,71,56,2017-08-06 10:51,1.5,310,10.5,290,2017-08-06 12:36,0.0,...,0.0,...,0.0,...,10.1,76.8,22.3,...,...,...,...,...
6,2017-08-07,,1003.8,1006.1,1005.1,2017-08-07 22:46,1001.6,2017-08-07 00:01,31.0,34.7,2017-08-07 10:16,27.9,2017-08-07 05:31,25.6,74,55,2017-08-07 10:16,1.4,320,9.0,300,2017-08-07 14:33,0.0,...,0.0,...,0.0,...,10.0,76.1,23.15,...,...,...,...,...
7,2017-08-08,,1003.9,1006.2,1005.2,2017-08-08 08:41,1002.8,2017-08-08 18:11,30.9,35.4,2017-08-08 11:40,28.1,2017-08-08 05:27,24.3,68,55,2017-08-08 10:53,1.6,240,11.8,260,2017-08-08 14:55,0.0,...,0.0,...,0.0,...,10.4,79.3,22.11,...,...,...,...,...
8,2017-08-09,,1003.1,1005.3,1004.1,2017-08-09 09:02,1001.5,2017-08-09 16:25,31.3,35.3,2017-08-09 12:18,27.8,2017-08-09 00:38,23.7,65,53,2017-08-09 10:30,2.0,250,12.3,270,2017-08-09 13:56,0.0,...,0.0,...,0.0,...,11.4,87.0,24.51,...,...,...,...,...
9,2017-08-10,,1003.5,1005.8,1005.2,2017-08-10 10:05,1001.9,2017-08-10 02:33,31.3,35.8,2017-08-10 13:14,28.3,2017-08-10 02:55,23.6,64,49,2017-08-10 12:37,1.9,260,13.0,270,2017-08-10 15:16,0.0,...,0.0,...,0.0,...,10.8,82.6,23.36,...,...,...,...,...
10,2017-08-11,,1005.7,1008.0,1007.3,2017-08-11 22:00,1004.2,2017-08-11 16:37,30.9,33.8,2017-08-11 12:08,28.2,2017-08-11 00:45,24.7,70,57,2017-08-11 09:30,1.4,310,9.2,290,2017-08-11 13:07,0.0,...,0.0,...,0.0,...,8.7,66.6,13.96,...,...,...,...,...
11,2017-08-12,,1007.0,1009.3,1008.3,2017-08-12 08:37,1005.6,2017-08-12 15:29,30.6,33.9,2017-08-12 12:58,28.3,2017-08-12 23:48,25.4,75,66,2017-08-12 09:07,1.1,310,8.9,270,2017-08-12 15:36,0.0,...,0.0,...,0.0,...,7.2,55.2,19.33,...,...,...,...,...
12,2017-08-13,,1006.9,1009.2,1007.8,2017-08-13 07:14,1005.7,2017-08-13 15:45,30.4,34.0,2017-08-13 10:25,27.7,2017-08-13 02:30,25.6,76,62,2017-08-13 09:43,1.3,310,8.4,320,2017-08-13 12:07,0.0,...,0.0,...,0.0,...,7.6,58.4,20.0,...,...,...,...,...
13,2017-08-14,,1006.4,1008.7,1007.7,2017-08-14 09:07,1004.7,2017-08-14 16:10,30.6,34.6,2017-08-14 10:44,27.1,2017-08-14 05:00,24.4,70,55,2017-08-14 10:48,1.3,300,11.3,260,2017-08-14 14:04,0.0,...,0.0,...,0.0,...,10.9,83.9,24.42,...,...,...,...,...
14,2017-08-15,,1006.0,1008.3,1007.4,2017-08-15 08:40,1004.5,2017-08-15 16:15,30.5,34.4,2017-08-15 12:52,26.5,2017-08-15 04:42,24.1,69,58,2017-08-15 09:34,1.3,300,9.2,270,2017-08-15 13:16,0.0,...,0.0,...,0.0,...,11.3,87.1,24.36,...,...,...,...,...
15,2017-08-16,,1006.6,1008.9,1008.2,2017-08-16 23:12,1005.0,2017-08-16 16:26,29.9,33.6,2017-08-16 10:07,26.4,2017-08-16 05:15,24.5,73,62,2017-08-16 08:29,1.3,320,8.0,320,2017-08-16 14:40,0.0,...,0.0,...,0.0,...,8.4,64.9,21.17,...,...,...,...,...
16,2017-08-17,,1007.9,1010.2,1009.6,2017-08-17 23:53,1006.5,2017-08-17 03:43,29.8,34.0,2017-08-17 12:16,27.2,2017-08-17 03:13,25.2,77,62,2017-08-17 13:48,0.9,320,6.3,290,2017-08-17 12:59,0.0,...,0.0,...,0.0,...,6.0,46.4,18.85,...,...,...,...,...
17,2017-08-18,,1009.0,1011.3,1009.9,2017-08-18 08:25,1007.7,2017-08-18 16:10,30.5,35.4,2017-08-18 11:26,26.0,2017-08-18 05:40,24.0,69,46,2017-08-18 12:22,0.9,300,6.3,340,2017-08-18 11:57,T,...,T,2017-08-18 08:12,T,2017-08-18 08:12,9.5,73.6,20.99,...,...,...,...,...
18,2017-08-19,,1008.2,1010.5,1009.8,2017-08-19 08:10,1006.3,2017-08-19 17:37,29.8,34.2,2017-08-19 13:48,27.0,2017-08-19 02:12,24.9,76,61,2017-08-19 14:12,0.9,90,6.3,280,2017-08-19 11:50,0.0,...,0.0,...,0.0,...,8.2,63.7,20.32,...,...,...,...,...
19,2017-08-20,,1005.2,1007.5,1007.4,2017-08-20 07:20,1002.5,2017-08-20 16:51,30.4,34.4,2017-08-20 13:57,27.5,2017-08-20 03:33,24.0,69,56,2017-08-20 13:57,1.1,280,7.1,140,2017-08-20 23:19,0.0,...,0.0,...,0.0,...,11.4,88.7,22.95,...,...,...,...,...
20,2017-08-21,,1001.3,1003.6,1003.9,2017-08-21 00:12,999.1,2017-08-21 17:35,30.1,35.8,2017-08-21 13:07,25.4,2017-08-21 05:34,23.3,67,52,2017-08-21 13:07,1.4,80,9.6,90,2017-08-21 13:51,1.5,...,1.0,2017-08-21 23:02,1.0,2017-08-21 22:12,8.3,64.7,19.97,...,...,...,...,...
21,2017-08-22,,999.5,1001.8,1002.8,2017-08-22 22:15,996.8,2017-08-22 03:34,30.8,32.5,2017-08-22 13:06,27.8,2017-08-22 00:09,22.7,62,53,2017-08-22 14:49,3.7,120,17.4,110,2017-08-22 16:03,0.0,...,0.0,...,0.0,...,1.1,8.6,9.24,...,...,...,...,...
22,2017-08-23,,1005.8,1008.1,1009.3,2017-08-23 21:54,1001.8,2017-08-23 02:36,29.9,34.5,2017-08-23 14:14,27.0,2017-08-23 21:23,23.9,71,58,2017-08-23 09:33,1.5,160,11.6,170,2017-08-23 01:02,1.0,...,1.0,2017-08-23 17:51,1.0,2017-08-23 17:51,4.2,32.8,15.47,...,...,...,...,...
23,2017-08-24,,1008.3,1010.6,1009.3,2017-08-24 06:18,1006.9,2017-08-24 16:55,29.6,33.7,2017-08-24 12:55,25.9,2017-08-24 03:33,25.1,77,64,2017-08-24 09:22,1.0,290,5.6,270,2017-08-24 13:10,0.0,...,0.0,...,0.0,...,7.4,58.0,17.82,...,...,...,...,...
24,2017-08-25,,1006.5,1008.8,1008.8,2017-08-25 00:02,1005.1,2017-08-25 16:19,31.0,37.7,2017-08-25 11:52,27.0,2017-08-25 05:16,23.5,66,41,2017-08-25 12:16,2.0,150,11.4,150,2017-08-25 22:38,0.0,...,0.0,...,0.0,...,9.6,75.4,22.73,...,...,...,...,...
25,2017-08-26,,1006.2,1008.4,1007.9,2017-08-26 22:48,1004.6,2017-08-26 14:04,31.8,36.9,2017-08-26 13:17,28.0,2017-08-26 05:57,22.6,59,46,2017-08-26 12:26,2.6,130,13.9,160,2017-08-26 11:46,0.0,...,0.0,...,0.0,...,11.6,91.2,25.08,...,...,...,...,...
26,2017-08-27,,1009.5,1011.7,1012.1,2017-08-27 21:40,1006.5,2017-08-27 03:25,30.2,35.5,2017-08-27 11:50,25.6,2017-08-27 18:49,24.0,71,55,2017-08-27 09:37,1.8,150,11.3,100,2017-08-27 04:35,33.5,...,16.5,2017-08-27 18:27,33.5,2017-08-27 18:11,7.7,60.7,19.11,...,...,...,...,...
27,2017-08-28,,1009.2,1011.5,1012.0,2017-08-28 00:01,1006.4,2017-08-28 14:55,29.7,35.6,2017-08-28 15:07,26.1,2017-08-28 04:29,23.2,70,40,2017-08-28 15:25,1.8,140,8.9,160,2017-08-28 17:34,0.0,...,0.0,...,0.0,...,9.4,74.2,17.07,...,...,...,...,...
28,2017-08-29,,1007.6,1009.8,1008.7,2017-08-29 07:14,1005.9,2017-08-29 14:25,31.0,35.0,2017-08-29 13:01,26.9,2017-08-29 03:35,22.8,62,52,2017-08-29 09:50,1.6,130,9.4,90,2017-08-29 11:52,0.0,...,0.0,...,0.0,...,10.8,85.4,23.27,...,...,...,...,...
29,2017-08-30,,1006.0,1008.3,1007.7,2017-08-30 00:01,1004.1,2017-08-30 15:04,30.0,33.8,2017-08-30 09:39,26.5,2017-08-30 05:22,23.0,67,55,2017-08-30 14:56,1.3,120,9.2,160,2017-08-30 17:04,0.5,...,0.5,2017-08-30 23:38,0.5,2017-08-30 22:48,6.3,49.9,16.31,...,...,...,...,...
30,2017-08-31,,1005.1,1007.4,1006.3,2017-08-31 09:29,1003.5,2017-08-31 16:03,29.2,34.0,2017-08-31 10:29,26.1,2017-08-31 23:50,23.1,70,54,2017-08-31 10:35,1.3,30,9.9,10,2017-08-31 16:04,T,...,T,2017-08-31 22:36,T,2017-08-31 22:36,5.9,46.8,17.16,...,...,...,...,...
0,2017-09-01,,1003.7,1006.0,1005.1,2017-09-01 11:39,1001.9,2017-09-01 16:18,27.3,29.9,2017-09-01 07:23,25.2,2017-09-01 11:57,23.2,79,65,2017-09-01 07:07,1.0,70,9.4,180,2017-09-01 11:37,16.0,...,4.0,2017-09-01 11:43,11.0,2017-09-01 11:08,0.0,0.0,1.86,...,...,...,...,...
1,2017-09-02,,1003.9,1006.2,1006.4,2017-09-02 20:43,1002.1,2017-09-02 04:27,26.8,30.3,2017-09-02 13:57,24.3,2017-09-02 21:12,23.1,80,64,2017-09-02 14:42,1.2,150,6.1,150,2017-09-02 22:25,1.5,...,0.5,2017-09-02 03:31,0.5,2017-09-02 02:41,0.5,4.0,8.35,...,...,...,...,...
2,2017-09-03,,1007.0,1009.3,1009.7,2017-09-03 20:53,1004.4,2017-09-03 01:44,25.7,28.8,2017-09-03 12:52,24.5,2017-09-03 00:04,23.9,90,78,2017-09-03 12:50,1.4,150,6.2,150,2017-09-03 07:46,21.5,...,4.5,2017-09-03 22:04,11.5,2017-09-03 21:23,0.0,0.0,4.08,...,...,...,...,...
3,2017-09-04,,1007.9,1010.2,1009.2,2017-09-04 22:28,1006.1,2017-09-04 17:13,28.1,33.0,2017-09-04 13:57,23.9,2017-09-04 04:41,24.3,81,60,2017-09-04 16:28,1.1,140,5.2,270,2017-09-04 15:41,0.0,...,0.0,...,0.0,...,7.8,62.4,20.52,...,...,...,...,...
4,2017-09-05,,1006.7,1009.0,1008.7,2017-09-05 00:01,1004.4,2017-09-05 16:43,30.2,35.6,2017-09-05 13:44,26.2,2017-09-05 04:43,24.0,70,47,2017-09-05 13:54,1.3,120,8.6,150,2017-09-05 23:36,0.0,...,0.0,...,0.0,...,10.7,85.8,21.35,...,...,...,...,...
5,2017-09-06,,1004.2,1006.5,1006.3,2017-09-06 21:26,1002.3,2017-09-06 13:36,30.6,35.4,2017-09-06 12:43,28.4,2017-09-06 02:49,24.4,70,56,2017-09-06 10:47,1.7,150,12.7,160,2017-09-06 10:52,0.0,...,0.0,...,0.0,...,9.5,76.3,21.28,...,...,...,...,...
6,2017-09-07,,1006.7,1009.0,1008.7,2017-09-07 22:55,1004.9,2017-09-07 02:32,29.4,32.4,2017-09-07 12:28,28.4,2017-09-07 05:35,25.5,80,75,2017-09-07 03:41,1.0,320,6.5,300,2017-09-07 12:30,0.0,...,0.0,...,0.0,...,4.4,35.4,13.3,...,...,...,...,...
7,2017-09-08,,1008.2,1010.5,1009.9,2017-09-08 08:50,1007.0,2017-09-08 14:58,28.9,32.0,2017-09-08 10:55,26.8,2017-09-08 05:17,24.8,79,71,2017-09-08 01:39,0.9,320,5.8,300,2017-09-08 12:56,0.0,...,0.0,...,0.0,...,2.1,16.9,9.98,...,...,...,...,...
8,2017-09-09,,1008.2,1010.5,1009.6,2017-09-09 09:47,1007.0,2017-09-09 15:45,28.7,31.8,2017-09-09 13:05,26.4,2017-09-09 04:56,24.9,81,68,2017-09-09 13:34,0.6,310,4.8,340,2017-09-09 11:04,2.0,...,1.0,2017-09-09 04:48,1.5,2017-09-09 04:07,5.7,46.1,17.78,...,...,...,...,...
9,2017-09-10,,1008.9,1011.2,1009.8,2017-09-10 08:51,1008.2,2017-09-10 02:31,29.0,32.3,2017-09-10 12:14,26.2,2017-09-10 03:02,24.3,76,64,2017-09-10 20:13,0.9,290,6.2,280,2017-09-10 12:35,0.0,...,0.0,...,0.0,...,7.1,57.5,19.38,...,...,...,...,...
10,2017-09-11,,1007.7,1010.0,1008.8,2017-09-11 20:50,1006.2,2017-09-11 15:59,28.9,32.9,2017-09-11 12:43,25.0,2017-09-11 05:10,23.3,72,61,2017-09-11 14:59,1.1,150,5.4,260,2017-09-11 12:28,0.0,...,0.0,...,0.0,...,9.8,79.5,20.44,...,...,...,...,...
11,2017-09-12,,1008.0,1010.3,1009.3,2017-09-12 22:04,1006.7,2017-09-12 16:12,29.5,34.6,2017-09-12 09:48,24.8,2017-09-12 05:56,22.4,66,50,2017-09-12 09:10,1.3,100,9.6,50,2017-09-12 15:32,T,...,T,2017-09-12 21:39,T,2017-09-12 21:39,9.6,78.1,20.66,...,...,...,...,...
12,2017-09-13,,1008.3,1010.6,1010.0,2017-09-13 08:45,1006.8,2017-09-13 03:10,27.0,28.1,2017-09-13 15:34,25.5,2017-09-13 13:21,22.8,79,71,2017-09-13 16:24,2.5,10,13.5,20,2017-09-13 15:48,16.0,...,7.5,2017-09-13 01:18,8.5,2017-09-13 00:48,0.1,0.8,4.53,...,...,...,...,...
13,2017-09-14,,1005.9,1008.2,1007.2,2017-09-14 10:21,1004.4,2017-09-14 15:07,26.4,27.8,2017-09-14 18:05,24.8,2017-09-14 08:54,21.7,76,67,2017-09-14 19:07,2.0,330,12.3,340,2017-09-14 02:56,2.0,...,1.0,2017-09-14 08:21,1.0,2017-09-14 05:55,0.0,0.0,3.01,...,...,...,...,...
14,2017-09-15,,1005.9,1008.2,1007.3,2017-09-15 22:35,1004.6,2017-09-15 15:36,28.0,30.5,2017-09-15 14:58,25.1,2017-09-15 02:13,22.6,73,61,2017-09-15 19:48,1.3,300,9.7,260,2017-09-15 09:34,0.0,...,0.0,...,0.0,...,0.9,7.4,10.26,...,...,...,...,...
15,2017-09-16,,1006.5,1008.8,1007.9,2017-09-16 09:35,1004.3,2017-09-16 15:26,28.2,32.5,2017-09-16 11:47,24.2,2017-09-16 23:51,21.5,68,46,2017-09-16 13:22,1.4,10,7.2,20,2017-09-16 13:44,0.0,...,0.0,...,0.0,...,8.5,69.7,19.66,...,...,...,...,...
16,2017-09-17,,1007.8,1010.1,1009.7,2017-09-17 21:34,1006.1,2017-09-17 14:11,26.8,32.1,2017-09-17 13:31,23.1,2017-09-17 23:59,19.9,67,51,2017-09-17 12:06,1.3,20,6.6,10,2017-09-17 15:29,0.0,...,0.0,...,0.0,...,9.6,78.9,20.32,...,...,...,...,...
17,2017-09-18,,1008.7,1011.0,1010.8,2017-09-18 08:07,1006.6,2017-09-18 14:39,26.5,32.1,2017-09-18 13:09,20.9,2017-09-18 05:37,18.3,61,47,2017-09-18 11:39,1.7,160,8.1,180,2017-09-18 13:13,0.0,...,0.0,...,0.0,...,10.3,84.8,21.39,...,...,...,...,...
18,2017-09-19,,1008.3,1010.6,1010.0,2017-09-19 08:39,1006.1,2017-09-19 14:45,28.6,33.8,2017-09-19 11:35,24.7,2017-09-19 04:49,22.2,69,53,2017-09-19 11:32,1.3,150,6.0,150,2017-09-19 00:51,0.0,...,0.0,...,0.0,...,9.6,79.2,19.56,...,...,...,...,...
19,2017-09-20,,1007.4,1009.7,1008.9,2017-09-20 08:53,1005.8,2017-09-20 16:39,29.2,31.9,2017-09-20 12:59,26.5,2017-09-20 05:14,23.9,74,69,2017-09-20 12:05,1.1,140,5.6,320,2017-09-20 12:45,0.0,...,0.0,...,0.0,...,9.8,81.0,19.84,...,...,...,...,...
20,2017-09-21,,1006.8,1009.1,1008.3,2017-09-21 21:51,1005.3,2017-09-21 15:07,29.1,32.7,2017-09-21 11:57,26.8,2017-09-21 05:32,24.8,78,67,2017-09-21 16:35,0.8,310,6.4,310,2017-09-21 12:46,0.0,...,0.0,...,0.0,...,9.2,76.2,18.99,...,...,...,...,...
21,2017-09-22,,1008.6,1010.9,1010.0,2017-09-22 09:37,1007.2,2017-09-22 15:23,29.6,33.5,2017-09-22 14:27,26.3,2017-09-22 02:33,24.2,73,62,2017-09-22 14:36,1.0,360,7.0,340,2017-09-22 13:11,0.0,...,0.0,...,0.0,...,9.8,81.4,19.36,...,...,...,...,...
22,2017-09-23,,1009.1,1011.4,1010.8,2017-09-23 08:33,1007.6,2017-09-23 14:18,31.4,35.5,2017-09-23 11:14,28.7,2017-09-23 05:52,24.3,66,55,2017-09-23 11:17,1.6,170,9.1,130,2017-09-23 01:40,0.0,...,0.0,...,0.0,...,9.0,74.9,18.63,...,...,...,...,...
23,2017-09-24,,1009.2,1011.5,1010.4,2017-09-24 23:14,1007.7,2017-09-24 14:31,29.7,33.2,2017-09-24 11:55,27.0,2017-09-24 05:43,24.5,74,64,2017-09-24 16:15,1.1,150,5.7,320,2017-09-24 12:56,0.0,...,0.0,...,0.0,...,7.8,65.0,16.65,...,...,...,...,...
24,2017-09-25,,1009.5,1011.8,1010.9,2017-09-25 08:40,1007.9,2017-09-25 15:16,29.2,32.3,2017-09-25 13:13,26.3,2017-09-25 05:40,24.0,74,69,2017-09-25 13:51,1.2,310,6.2,310,2017-09-25 10:24,0.0,...,0.0,...,0.0,...,6.9,57.6,16.01,...,...,...,...,...
25,2017-09-26,,1008.5,1010.8,1010.2,2017-09-26 08:47,1007.0,2017-09-26 15:33,29.7,33.7,2017-09-26 12:41,27.2,2017-09-26 02:12,24.0,72,63,2017-09-26 12:41,1.2,320,6.9,330,2017-09-26 13:38,0.0,...,0.0,...,0.0,...,9.6,80.4,18.02,...,...,...,...,...
26,2017-09-27,,1007.1,1009.4,1008.8,2017-09-27 08:14,1005.0,2017-09-27 16:05,29.8,34.1,2017-09-27 12:31,26.4,2017-09-27 05:55,23.7,70,61,2017-09-27 10:06,1.1,320,7.7,330,2017-09-27 12:59,0.0,...,0.0,...,0.0,...,10.1,84.7,18.63,...,...,...,...,...
27,2017-09-28,,1008.4,1010.7,1011.4,2017-09-28 23:21,1006.7,2017-09-28 03:39,29.6,33.9,2017-09-28 11:28,27.2,2017-09-28 05:41,23.8,71,58,2017-09-28 17:05,1.0,360,6.1,290,2017-09-28 11:48,0.0,...,0.0,...,0.0,...,8.2,68.9,16.9,...,...,...,...,...
28,2017-09-29,,1011.6,1013.9,1014.2,2017-09-29 21:46,1008.8,2017-09-29 01:45,27.7,31.2,2017-09-29 11:26,25.8,2017-09-29 08:08,23.5,78,68,2017-09-29 11:26,1.4,20,35.6,80,2017-09-29 14:20,T,...,T,2017-09-29 08:51,T,2017-09-29 08:51,2.2,22.2,7.09,...,...,...,...,...
29,2017-09-30,,1011.8,1014.1,1013.5,2017-09-30 00:01,1010.4,2017-09-30 14:40,30.5,34.6,2017-09-30 13:58,26.2,2017-09-30 03:03,22.7,64,54,2017-09-30 08:22,2.5,140,14.1,160,2017-09-30 11:46,0.0,...,0.0,...,0.0,...,10.2,86.1,18.46,...,...,...,...,...
0,2017-10-01,,1010.1,1012.4,1012.0,2017-10-01 09:22,1008.0,2017-10-01 16:18,30.5,34.6,2017-10-01 11:52,28.1,2017-10-01 04:12,24.1,69,53,2017-10-01 10:19,2.0,160,8.8,190,2017-10-01 00:26,0.0,...,0.0,...,0.0,...,10.0,84.6,19.11,...,...,...,...,...
1,2017-10-02,,1009.5,1011.8,1011.0,2017-10-02 09:01,1007.5,2017-10-02 15:02,29.5,33.8,2017-10-02 12:03,26.8,2017-10-02 23:09,25.7,80,68,2017-10-02 12:00,0.7,280,6.2,270,2017-10-02 11:37,0.0,...,0.0,...,0.0,...,9.7,82.2,18.95,...,...,...,...,...
2,2017-10-03,,1011.4,1013.7,1014.5,2017-10-03 22:33,1009.6,2017-10-03 13:56,28.9,34.3,2017-10-03 12:34,26.0,2017-10-03 23:58,24.7,79,55,2017-10-03 12:33,2.1,20,11.1,30,2017-10-03 12:55,T,...,T,2017-10-03 16:08,T,2017-10-03 16:08,7.5,63.7,15.58,...,...,...,...,...
3,2017-10-04,,1013.9,1016.2,1015.6,2017-10-04 10:28,1012.4,2017-10-04 03:46,26.0,28.0,2017-10-04 12:03,24.7,2017-10-04 20:04,23.1,84,75,2017-10-04 04:10,1.9,10,10.4,30,2017-10-04 02:03,0.5,...,0.5,2017-10-04 11:30,0.5,2017-10-04 10:40,0.0,0.0,4.47,...,...,...,...,...
4,2017-10-05,,1012.1,1014.4,1014.2,2017-10-05 00:39,1010.1,2017-10-05 14:58,28.2,32.4,2017-10-05 11:09,25.0,2017-10-05 01:34,22.4,72,54,2017-10-05 15:04,1.5,60,9.7,90,2017-10-05 00:14,0.0,...,0.0,...,0.0,...,8.5,72.5,18.02,...,...,...,...,...
5,2017-10-06,,1011.8,1014.1,1013.1,2017-10-06 08:44,1010.0,2017-10-06 14:51,28.0,31.9,2017-10-06 14:24,25.5,2017-10-06 22:06,24.5,82,65,2017-10-06 14:24,1.5,60,8.2,30,2017-10-06 11:47,3.5,...,2.5,2017-10-06 21:46,3.5,2017-10-06 21:03,3.8,32.5,10.74,...,...,...,...,...
6,2017-10-07,,1013.0,1015.3,1014.4,2017-10-07 09:47,1011.5,2017-10-07 03:49,26.9,29.0,2017-10-07 14:46,25.5,2017-10-07 02:46,23.4,82,67,2017-10-07 21:08,1.6,80,7.8,90,2017-10-07 20:35,1.0,...,0.5,2017-10-07 00:33,0.5,2017-10-07 00:00,1.1,9.4,5.99,...,...,...,...,...
7,2017-10-08,,1012.0,1014.3,1013.6,2017-10-08 08:28,1010.3,2017-10-08 14:20,28.4,32.1,2017-10-08 11:57,26.2,2017-10-08 00:39,24.1,78,64,2017-10-08 11:15,1.8,60,10.7,120,2017-10-08 07:26,0.5,...,0.5,2017-10-08 16:15,0.5,2017-10-08 15:25,5.6,48.1,15.24,...,...,...,...,...
8,2017-10-09,,1010.5,1012.8,1012.1,2017-10-09 00:01,1009.0,2017-10-09 13:55,30.6,34.3,2017-10-09 12:14,28.1,2017-10-09 04:44,23.5,66,56,2017-10-09 14:33,2.6,120,15.0,130,2017-10-09 22:47,0.0,...,0.0,...,0.0,...,9.8,84.3,18.39,...,...,...,...,...
9,2017-10-10,,1010.3,1012.6,1011.7,2017-10-10 09:07,1008.9,2017-10-10 15:04,30.4,34.3,2017-10-10 12:46,28.3,2017-10-10 05:04,23.9,68,58,2017-10-10 12:38,2.2,120,10.8,120,2017-10-10 12:28,T,...,T,2017-10-10 10:17,T,2017-10-10 10:17,9.2,79.3,17.46,...,...,...,...,...
10,2017-10-11,,1010.3,1012.6,1012.0,2017-10-11 20:24,1008.6,2017-10-11 13:39,28.8,35.1,2017-10-11 12:46,24.3,2017-10-11 23:58,23.5,74,54,2017-10-11 12:24,1.3,130,9.0,160,2017-10-11 13:33,7.5,...,5.0,2017-10-11 14:21,5.5,2017-10-11 13:34,6.9,59.6,16.64,...,...,...,...,...
11,2017-10-12,,1009.5,1011.8,1011.5,2017-10-12 00:23,1007.5,2017-10-12 14:19,26.1,28.3,2017-10-12 13:27,24.1,2017-10-12 00:01,23.4,85,70,2017-10-12 13:43,1.9,40,12.7,10,2017-10-12 22:47,4.0,...,0.5,2017-10-12 02:02,1.5,2017-10-12 20:43,0.1,0.9,2.14,...,...,...,...,...
12,2017-10-13,,1006.2,1008.5,1009.4,2017-10-13 00:01,1003.5,2017-10-13 16:54,24.6,25.9,2017-10-13 00:20,23.4,2017-10-13 06:17,22.9,90,81,2017-10-13 00:52,3.5,30,17.9,20,2017-10-13 21:19,120.0,...,4.0,2017-10-13 20:53,17.5,2017-10-13 20:02,0.0,0.0,5.76,...,...,...,...,...
13,2017-10-14,,1002.9,1005.2,1004.7,2017-10-14 07:09,1001.6,2017-10-14 14:17,26.5,28.4,2017-10-14 20:04,24.8,2017-10-14 03:58,24.8,91,76,2017-10-14 20:04,1.6,120,14.2,20,2017-10-14 01:45,45.0,...,5.0,2017-10-14 07:03,9.0,2017-10-14 06:57,0.0,0.0,3.12,...,...,...,...,...
14,2017-10-15,,1005.4,1007.7,1008.6,2017-10-15 22:56,1001.9,2017-10-15 03:13,26.2,28.5,2017-10-15 04:13,24.9,2017-10-15 23:03,24.9,92,73,2017-10-15 03:32,1.6,130,12.1,140,2017-10-15 02:25,15.5,...,1.0,2017-10-15 00:41,4.0,2017-10-15 07:31,0.0,0.0,2.36,...,...,...,...,...
15,2017-10-16,,1008.9,1011.2,1011.8,2017-10-16 23:37,1006.9,2017-10-16 14:55,27.1,31.8,2017-10-16 15:43,24.3,2017-10-16 06:04,25.1,90,61,2017-10-16 15:45,1.3,20,8.4,30,2017-10-16 21:30,1.0,...,1.0,2017-10-16 23:39,1.0,2017-10-16 23:39,8.9,77.7,15.9,...,...,...,...,...
16,2017-10-17,,1011.8,1014.1,1013.4,2017-10-17 10:16,1010.2,2017-10-17 14:11,24.6,25.9,2017-10-17 11:28,23.5,2017-10-17 22:05,23.9,96,87,2017-10-17 06:24,3.2,20,13.5,40,2017-10-17 13:38,112.5,...,5.0,2017-10-17 10:12,17.0,2017-10-17 10:09,1.8,15.7,7.71,...,...,...,...,...
17,2017-10-18,,1011.3,1013.6,1012.6,2017-10-18 08:53,1009.9,2017-10-18 14:14,23.6,24.5,2017-10-18 11:45,22.4,2017-10-18 23:04,23.5,100,98,2017-10-18 10:49,2.0,20,9.7,40,2017-10-18 09:41,56.0,...,2.5,2017-10-18 04:38,6.5,2017-10-18 03:54,0.0,0.0,4.52,...,...,...,...,...
18,2017-10-19,,1009.6,1011.9,1011.3,2017-10-19 08:48,1008.2,2017-10-19 15:09,22.7,24.3,2017-10-19 11:28,21.7,2017-10-19 03:59,22.7,100,99,2017-10-19 00:08,1.8,30,10.6,40,2017-10-19 22:19,64.5,...,3.5,2017-10-19 20:33,8.5,2017-10-19 21:25,0.0,0.0,3.64,...,...,...,...,...
19,2017-10-20,,1009.3,1011.6,1010.8,2017-10-20 09:10,1008.0,2017-10-20 03:06,21.8,23.7,2017-10-20 10:43,20.7,2017-10-20 19:17,21.6,99,86,2017-10-20 23:34,2.2,10,12.6,20,2017-10-20 23:23,20.5,...,1.5,2017-10-20 00:05,3.5,2017-10-20 00:03,0.2,1.8,6.15,...,...,...,...,...
20,2017-10-21,,1009.2,1011.5,1010.5,2017-10-21 09:05,1008.1,2017-10-21 03:41,21.8,23.6,2017-10-21 12:55,19.4,2017-10-21 02:28,16.7,74,50,2017-10-21 21:47,3.1,10,13.4,340,2017-10-21 18:18,3.0,...,0.5,2017-10-21 00:16,2.0,2017-10-21 02:19,0.5,4.4,4.77,...,...,...,...,...
21,2017-10-22,,1010.2,1012.6,1012.4,2017-10-22 21:52,1008.4,2017-10-22 03:15,20.7,23.4,2017-10-22 10:57,16.8,2017-10-22 21:21,13.8,65,54,2017-10-22 13:47,2.1,360,10.3,40,2017-10-22 11:14,0.0,...,0.0,...,0.0,...,4.0,35.4,10.38,...,...,...,...,...
22,2017-10-23,,1014.6,1016.9,1017.0,2017-10-23 20:49,1011.9,2017-10-23 01:15,21.2,24.6,2017-10-23 12:33,18.6,2017-10-23 03:35,16.1,73,61,2017-10-23 12:38,1.4,40,8.9,40,2017-10-23 12:41,T,...,T,2017-10-23 09:53,T,2017-10-23 09:53,3.8,33.7,9.34,...,...,...,...,...
23,2017-10-24,,1017.9,1020.3,1019.6,2017-10-24 09:19,1016.3,2017-10-24 02:15,21.2,24.4,2017-10-24 12:18,18.0,2017-10-24 02:52,17.6,80,70,2017-10-24 13:54,1.6,50,9.7,40,2017-10-24 15:09,2.0,...,0.5,2017-10-24 11:55,0.5,2017-10-24 11:05,1.3,11.5,6.6,...,...,...,...,...
24,2017-10-25,,1017.3,1019.7,1019.3,2017-10-25 08:31,1015.7,2017-10-25 13:44,22.1,25.9,2017-10-25 12:57,19.0,2017-10-25 21:29,16.4,71,55,2017-10-25 12:36,1.7,60,9.4,30,2017-10-25 12:12,0.5,...,0.5,2017-10-25 00:01,0.5,2017-10-25 00:01,4.2,37.3,10.86,...,...,...,...,...
25,2017-10-26,,1014.3,1016.6,1016.2,2017-10-26 08:50,1012.6,2017-10-26 15:26,21.4,25.6,2017-10-26 10:19,17.5,2017-10-26 03:29,16.3,73,58,2017-10-26 11:00,1.0,50,8.3,40,2017-10-26 11:44,0.0,...,0.0,...,0.0,...,4.5,40.1,9.05,...,...,...,...,...
26,2017-10-27,,1011.4,1013.7,1013.0,2017-10-27 00:01,1006.7,2017-10-27 12:16,22.0,25.3,2017-10-27 13:41,18.1,2017-10-27 03:01,17.8,78,64,2017-10-27 13:41,1.8,20,X,320,2017-10-27 12:22,T,...,T,2017-10-27 21:56,T,2017-10-27 21:56,1.7,15.2,6.8,...,...,...,...,...
27,2017-10-28,,1012.1,1014.5,1014.7,2017-10-28 21:52,1009.6,2017-10-28 03:12,21.7,23.5,2017-10-28 13:48,19.9,2017-10-28 21:14,17.6,78,67,2017-10-28 14:17,2.3,10,10.3,360,2017-10-28 05:09,0.5,...,0.5,2017-10-28 06:21,0.5,2017-10-28 06:21,0.1,0.9,5.61,...,...,...,...,...
28,2017-10-29,,1018.5,1020.9,1021.5,2017-10-29 21:24,1014.5,2017-10-29 00:30,21.6,23.7,2017-10-29 12:36,19.3,2017-10-29 02:56,15.8,70,57,2017-10-29 14:28,1.7,60,10.5,30,2017-10-29 22:17,0.5,...,0.5,2017-10-29 02:42,0.5,2017-10-29 01:52,5.2,46.6,10.29,...,...,...,...,...
29,2017-10-30,,1021.9,1024.3,1024.2,2017-10-30 08:09,1020.6,2017-10-30 23:38,19.6,22.1,2017-10-30 00:01,17.3,2017-10-30 14:40,14.1,71,57,2017-10-30 07:25,1.6,70,10.0,30,2017-10-30 04:04,1.5,...,0.5,2017-10-30 01:48,0.5,2017-10-30 01:48,0.0,0.0,0.02,...,...,...,...,...
30,2017-10-31,,1018.3,1020.7,1020.7,2017-10-31 00:01,1016.4,2017-10-31 16:25,20.8,23.6,2017-10-31 11:39,18.3,2017-10-31 01:26,15.9,74,59,2017-10-31 11:31,1.3,70,8.9,100,2017-10-31 15:19,0.0,...,0.0,...,0.0,...,0.1,0.9,5.58,...,...,...,...,...
0,2017-11-01,,1014.2,1016.6,1017.2,2017-11-01 00:01,1012.0,2017-11-01 15:02,22.7,27.6,2017-11-01 13:41,19.6,2017-11-01 01:28,20.3,87,65,2017-11-01 15:05,0.9,80,7.9,30,2017-11-01 13:09,1.0,...,0.5,2017-11-01 03:43,0.5,2017-11-01 03:43,4.4,39.6,8.5,...,...,...,...,...
1,2017-11-02,,1011.9,1014.2,1013.1,2017-11-02 00:04,1010.0,2017-11-02 13:42,23.9,27.3,2017-11-02 12:03,21.0,2017-11-02 03:59,22.4,91,79,2017-11-02 08:02,1.6,10,7.0,360,2017-11-02 22:49,8.5,...,4.0,2017-11-02 23:13,7.5,2017-11-02 22:46,2.1,19.0,10.07,...,...,...,...,...
2,2017-11-03,,1015.4,1017.8,1018.7,2017-11-03 22:13,1011.9,2017-11-03 03:42,21.9,23.1,2017-11-03 00:01,20.7,2017-11-03 18:54,20.1,90,71,2017-11-03 23:59,2.3,10,13.1,30,2017-11-03 11:06,7.5,...,0.5,2017-11-03 00:01,1.5,2017-11-03 00:01,0.0,0.0,3.22,...,...,...,...,...
3,2017-11-04,,1021.2,1023.6,1023.1,2017-11-04 09:18,1018.4,2017-11-04 01:57,19.4,22.6,2017-11-04 02:20,17.7,2017-11-04 16:50,15.8,80,66,2017-11-04 02:26,2.2,30,12.2,30,2017-11-04 03:40,2.5,...,0.5,2017-11-04 04:18,1.5,2017-11-04 07:08,0.0,0.0,2.52,...,...,...,...,...
4,2017-11-05,,1018.2,1020.5,1021.3,2017-11-05 00:01,1015.7,2017-11-05 23:48,21.4,24.1,2017-11-05 23:51,18.9,2017-11-05 02:55,16.8,75,67,2017-11-05 01:03,1.5,60,9.0,140,2017-11-05 18:18,0.0,...,0.0,...,0.0,...,0.5,4.5,5.89,...,...,...,...,...
5,2017-11-06,,1013.2,1015.5,1015.8,2017-11-06 00:01,1011.7,2017-11-06 23:39,26.2,29.2,2017-11-06 11:39,22.9,2017-11-06 06:58,20.3,70,61,2017-11-06 10:12,2.5,140,12.4,130,2017-11-06 23:09,0.0,...,0.0,...,0.0,...,3.8,34.5,10.85,...,...,...,...,...
6,2017-11-07,,1013.2,1015.5,1015.7,2017-11-07 21:47,1011.5,2017-11-07 02:57,25.6,28.2,2017-11-07 12:06,23.0,2017-11-07 22:09,22.8,85,72,2017-11-07 02:21,2.0,310,12.1,130,2017-11-07 00:27,0.0,...,0.0,...,0.0,...,7.8,71.0,13.63,...,...,...,...,...
7,2017-11-08,,1015.2,1017.5,1016.3,2017-11-08 08:51,1013.8,2017-11-08 13:21,22.2,23.5,2017-11-08 09:58,21.1,2017-11-08 17:53,20.8,92,87,2017-11-08 10:11,3.0,20,12.9,30,2017-11-08 13:14,3.5,...,0.5,2017-11-08 14:48,1.5,2017-11-08 16:21,0.3,2.7,6.17,...,...,...,...,...
8,2017-11-09,,1014.1,1016.4,1016.0,2017-11-09 08:20,1012.0,2017-11-09 23:47,23.7,26.4,2017-11-09 12:12,21.7,2017-11-09 02:03,20.2,81,69,2017-11-09 23:15,1.7,30,9.0,30,2017-11-09 08:52,0.0,...,0.0,...,0.0,...,0.9,8.2,6.22,...,...,...,...,...
9,2017-11-10,,1011.9,1014.2,1013.8,2017-11-10 23:02,1010.1,2017-11-10 14:33,26.6,31.0,2017-11-10 12:02,23.7,2017-11-10 23:14,21.9,76,58,2017-11-10 12:16,2.1,140,11.6,150,2017-11-10 02:31,0.0,...,0.0,...,0.0,...,9.0,82.4,14.8,...,...,...,...,...
10,2017-11-11,,1014.6,1017.0,1016.3,2017-11-11 09:53,1012.6,2017-11-11 01:49,21.5,24.3,2017-11-11 00:12,20.4,2017-11-11 16:38,19.3,87,79,2017-11-11 13:15,2.7,20,13.3,10,2017-11-11 03:33,0.0,...,0.0,...,0.0,...,0.0,0.0,1.68,...,...,...,...,...
11,2017-11-12,,1013.1,1015.5,1014.7,2017-11-12 08:49,1011.8,2017-11-12 15:27,21.6,23.8,2017-11-12 11:20,20.5,2017-11-12 03:09,19.1,86,76,2017-11-12 11:04,1.5,30,8.9,20,2017-11-12 13:11,1.0,...,1.0,2017-11-12 23:48,1.0,2017-11-12 22:58,0.3,2.8,6.66,...,...,...,...,...
12,2017-11-13,,1011.3,1013.6,1012.9,2017-11-13 08:36,1009.5,2017-11-13 15:11,22.3,24.3,2017-11-13 10:52,21.2,2017-11-13 00:03,21.5,96,86,2017-11-13 10:43,1.2,20,7.9,20,2017-11-13 13:00,28.0,...,6.0,2017-11-13 03:48,13.5,2017-11-13 03:03,0.0,0.0,4.82,...,...,...,...,...
13,2017-11-14,,1012.7,1015.0,1014.4,2017-11-14 08:32,1010.3,2017-11-14 00:55,22.3,24.3,2017-11-14 13:44,21.3,2017-11-14 22:31,20.9,92,82,2017-11-14 15:08,1.5,20,8.1,30,2017-11-14 15:38,4.0,...,2.5,2017-11-14 02:13,3.5,2017-11-14 02:05,0.1,0.9,5.11,...,...,...,...,...
14,2017-11-15,,1014.1,1016.5,1015.7,2017-11-15 07:48,1012.7,2017-11-15 14:39,23.0,25.6,2017-11-15 09:33,21.0,2017-11-15 05:46,19.8,82,66,2017-11-15 14:05,0.9,70,7.0,30,2017-11-15 12:42,0.0,...,0.0,...,0.0,...,2.0,18.5,6.91,...,...,...,...,...
15,2017-11-16,,1011.9,1014.2,1014.8,2017-11-16 08:49,1009.6,2017-11-16 15:09,25.2,29.5,2017-11-16 11:56,21.4,2017-11-16 04:49,21.3,80,63,2017-11-16 13:23,1.7,150,8.6,130,2017-11-16 15:00,1.0,...,1.0,2017-11-16 00:31,1.0,2017-11-16 00:01,8.4,77.6,14.38,...,...,...,...,...
16,2017-11-17,,1008.8,1011.1,1011.1,2017-11-17 09:01,1006.6,2017-11-17 15:37,24.1,26.7,2017-11-17 11:03,22.6,2017-11-17 04:58,22.2,90,78,2017-11-17 00:01,0.8,310,4.8,330,2017-11-17 06:45,0.0,...,0.0,...,0.0,...,5.8,53.7,12.3,...,...,...,...,...
17,2017-11-18,,1013.2,1015.6,1019.7,2017-11-18 22:20,1007.0,2017-11-18 03:19,19.7,23.4,2017-11-18 04:50,15.9,2017-11-18 21:09,18.6,93,87,2017-11-18 05:45,2.7,20,15.3,10,2017-11-18 08:04,21.0,...,2.0,2017-11-18 06:32,3.5,2017-11-18 06:12,0.0,0.0,2.39,...,...,...,...,...
18,2017-11-19,,1018.0,1020.4,1020.5,2017-11-19 07:25,1015.4,2017-11-19 15:32,17.9,20.5,2017-11-19 12:10,15.9,2017-11-19 05:11,15.4,86,71,2017-11-19 11:15,1.3,150,9.2,10,2017-11-19 02:04,9.0,...,1.0,2017-11-19 04:59,3.5,2017-11-19 21:23,0.0,0.0,3.32,...,...,...,...,...
19,2017-11-20,,1017.5,1019.9,1019.0,2017-11-20 21:01,1015.5,2017-11-20 14:11,18.5,20.1,2017-11-20 14:30,17.5,2017-11-20 02:04,17.7,95,85,2017-11-20 14:54,1.2,20,9.9,20,2017-11-20 10:18,17.5,...,2.0,2017-11-20 19:47,5.0,2017-11-20 19:05,0.0,0.0,3.38,...,...,...,...,...
20,2017-11-21,,1014.6,1016.9,1018.4,2017-11-21 00:41,1011.1,2017-11-21 14:06,20.9,24.7,2017-11-21 14:49,17.9,2017-11-21 00:24,19.6,92,74,2017-11-21 15:00,0.8,170,9.3,170,2017-11-21 14:18,9.0,...,1.0,2017-11-21 00:21,3.0,2017-11-21 01:07,1.2,11.2,7.93,...,...,...,...,...
21,2017-11-22,,1014.6,1017.0,1017.8,2017-11-22 23:42,1012.3,2017-11-22 01:57,18.8,21.6,2017-11-22 00:01,16.3,2017-11-22 23:53,18.1,96,93,2017-11-22 07:14,2.7,20,9.3,40,2017-11-22 22:53,19.0,...,2.0,2017-11-22 22:20,4.0,2017-11-22 20:25,0.0,0.0,2.49,...,...,...,...,...
22,2017-11-23,,1019.5,1021.9,1021.6,2017-11-23 08:24,1017.6,2017-11-23 01:29,16.2,18.2,2017-11-23 23:14,15.2,2017-11-23 06:23,13.3,84,68,2017-11-23 19:57,2.7,20,10.5,30,2017-11-23 13:20,13.0,...,2.0,2017-11-23 04:32,5.0,2017-11-23 04:33,0.0,0.0,1.16,...,...,...,...,...
23,2017-11-24,,1021.4,1023.8,1024.2,2017-11-24 08:59,1019.8,2017-11-24 00:02,17.7,18.8,2017-11-24 22:17,16.5,2017-11-24 08:56,13.1,75,67,2017-11-24 11:29,1.8,40,9.7,20,2017-11-24 06:41,1.0,...,1.0,2017-11-24 23:13,1.0,2017-11-24 22:23,0.0,0.0,1.31,...,...,...,...,...
24,2017-11-25,,1019.6,1022.0,1021.3,2017-11-25 08:57,1017.0,2017-11-25 14:55,17.8,18.7,2017-11-25 23:09,16.9,2017-11-25 02:19,17.3,97,86,2017-11-25 00:49,1.7,20,12.8,30,2017-11-25 08:20,15.0,...,1.5,2017-11-25 04:03,2.5,2017-11-25 03:26,0.0,0.0,2.72,...,...,...,...,...
25,2017-11-26,,1018.8,1021.2,1020.4,2017-11-26 09:13,1017.5,2017-11-26 02:37,19.6,20.7,2017-11-26 12:07,18.5,2017-11-26 00:03,18.7,95,89,2017-11-26 12:16,1.7,20,8.2,30,2017-11-26 15:25,5.0,...,2.0,2017-11-26 23:37,2.0,2017-11-26 22:47,0.0,0.0,1.98,...,...,...,...,...
26,2017-11-27,,1016.5,1018.9,1019.2,2017-11-27 08:58,1013.6,2017-11-27 23:58,21.9,24.8,2017-11-27 21:50,18.8,2017-11-27 05:49,18.2,80,64,2017-11-27 20:29,1.5,140,16.9,120,2017-11-27 23:29,0.0,...,0.0,...,0.0,...,1.2,11.2,7.36,...,...,...,...,...
27,2017-11-28,,1014.3,1016.6,1016.5,2017-11-28 09:11,1012.6,2017-11-28 14:34,26.4,30.4,2017-11-28 13:28,22.6,2017-11-28 06:15,19.0,64,53,2017-11-28 12:33,2.1,130,14.1,110,2017-11-28 00:54,0.0,...,0.0,...,0.0,...,7.9,74.1,12.65,...,...,...,...,...
28,2017-11-29,,1014.5,1016.8,1016.1,2017-11-29 21:13,1012.8,2017-11-29 02:30,23.4,26.8,2017-11-29 04:11,21.7,2017-11-29 07:30,20.5,84,65,2017-11-29 04:11,1.9,320,11.3,130,2017-11-29 01:13,0.0,...,0.0,...,0.0,...,0.4,3.8,6.07,...,...,...,...,...
29,2017-11-30,,1016.3,1018.7,1018.9,2017-11-30 20:45,1014.1,2017-11-30 14:34,21.1,24.2,2017-11-30 10:01,18.3,2017-11-30 23:55,18.4,85,78,2017-11-30 10:00,3.5,20,13.0,10,2017-11-30 03:22,1.0,...,1.0,2017-11-30 16:19,1.0,2017-11-30 15:29,1.2,11.3,6.17,...,...,...,...,...
0,2017-12-01,,1019.1,1021.5,1020.9,2017-12-01 09:13,1017.7,2017-12-01 14:44,18.6,19.5,2017-12-01 22:36,17.8,2017-12-01 03:50,15.7,83,78,2017-12-01 13:06,3.2,20,11.4,30,2017-12-01 07:01,T,...,T,2017-12-01 14:17,T,2017-12-01 14:17,0.0,0.0,4.3,...,...,...,...,...
1,2017-12-02,,1017.7,1020.1,1020.1,2017-12-02 08:53,1015.7,2017-12-02 16:27,19.7,21.0,2017-12-02 13:17,18.3,2017-12-02 04:37,16.4,81,74,2017-12-02 13:19,2.0,20,10.8,20,2017-12-02 00:56,T,...,0.0,...,0.0,...,0.0,0.0,4.21,...,...,...,...,...
2,2017-12-03,,1016.1,1018.5,1018.0,2017-12-03 09:02,1013.7,2017-12-03 15:27,20.0,21.9,2017-12-03 15:45,19.3,2017-12-03 02:09,16.8,82,71,2017-12-03 15:49,2.0,20,11.1,360,2017-12-03 09:57,T,...,0.0,...,0.0,...,0.9,8.5,4.99,...,...,...,...,...
3,2017-12-04,,1017.8,1020.2,1019.3,2017-12-04 09:06,1016.3,2017-12-04 02:54,18.7,21.0,2017-12-04 10:09,16.5,2017-12-04 03:09,13.4,72,59,2017-12-04 21:55,2.1,20,13.7,50,2017-12-04 22:14,0.0,...,0.0,...,0.0,...,0.6,5.7,2.78,...,...,...,...,...
4,2017-12-05,,1020.1,1022.5,1023.1,2017-12-05 08:31,1018.0,2017-12-05 23:48,16.3,17.9,2017-12-05 01:09,15.1,2017-12-05 05:48,9.5,65,55,2017-12-05 03:32,2.0,30,11.6,50,2017-12-05 01:50,0.0,...,0.0,...,0.0,...,0.0,0.0,0.0,...,...,...,...,...
5,2017-12-06,,1017.9,1020.3,1018.9,2017-12-06 05:40,1016.5,2017-12-06 14:58,16.3,17.8,2017-12-06 13:35,14.1,2017-12-06 06:22,11.4,74,56,2017-12-06 00:41,1.0,70,7.5,20,2017-12-06 00:02,2.0,...,1.0,2017-12-06 19:17,1.0,2017-12-06 18:27,0.0,0.0,3.17,...,...,...,...,...
6,2017-12-07,,1016.3,1018.7,1017.7,2017-12-07 23:26,1014.6,2017-12-07 15:55,16.6,18.6,2017-12-07 10:31,15.6,2017-12-07 01:41,15.0,90,84,2017-12-07 11:02,1.5,20,8.9,20,2017-12-07 13:59,11.0,...,1.5,2017-12-07 14:23,3.5,2017-12-07 12:58,0.0,0.0,2.72,...,...,...,...,...
7,2017-12-08,,1020.8,1023.2,1023.1,2017-12-08 08:43,1017.5,2017-12-08 00:07,14.8,15.8,2017-12-08 10:30,13.8,2017-12-08 23:55,8.6,67,54,2017-12-08 14:16,2.6,20,11.1,20,2017-12-08 08:30,7.0,...,4.0,2017-12-08 01:38,6.0,2017-12-08 00:51,0.0,0.0,2.63,...,...,...,...,...
8,2017-12-09,,1016.7,1019.1,1020.6,2017-12-09 00:01,1014.5,2017-12-09 19:03,15.2,17.3,2017-12-09 15:00,12.9,2017-12-09 00:48,12.1,82,63,2017-12-09 04:07,1.1,140,7.6,80,2017-12-09 02:11,T,...,T,2017-12-09 00:28,T,2017-12-09 01:00,0.2,1.9,2.72,...,...,...,...,...
9,2017-12-10,,1015.8,1018.2,1017.7,2017-12-10 22:29,1014.1,2017-12-10 14:12,17.2,20.9,2017-12-10 14:41,13.5,2017-12-10 06:22,13.8,81,66,2017-12-10 22:57,1.7,30,7.8,50,2017-12-10 20:42,0.0,...,0.0,...,0.0,...,5.0,47.4,8.69,...,...,...,...,...
10,2017-12-11,,1018.2,1020.6,1019.3,2017-12-11 09:18,1017.1,2017-12-11 13:57,17.5,18.6,2017-12-11 00:24,16.5,2017-12-11 22:04,10.0,61,57,2017-12-11 20:30,2.3,40,12.1,20,2017-12-11 11:02,0.0,...,0.0,...,0.0,...,0.1,0.9,4.17,...,...,...,...,...
11,2017-12-12,,1018.2,1020.6,1020.2,2017-12-12 09:00,1016.5,2017-12-12 14:52,17.2,18.8,2017-12-12 03:07,16.3,2017-12-12 17:31,13.8,81,55,2017-12-12 01:39,1.1,40,8.1,160,2017-12-12 03:02,1.0,...,0.5,2017-12-12 10:48,1.0,2017-12-12 10:25,0.0,0.0,1.52,...,...,...,...,...
12,2017-12-13,,1017.8,1020.2,1020.0,2017-12-13 22:03,1015.8,2017-12-13 04:45,18.4,21.1,2017-12-13 11:11,16.7,2017-12-13 01:42,13.8,75,64,2017-12-13 11:00,2.0,10,9.4,30,2017-12-13 17:45,0.0,...,0.0,...,0.0,...,0.4,3.8,6.76,...,...,...,...,...
13,2017-12-14,,1017.2,1019.6,1018.9,2017-12-14 00:01,1015.8,2017-12-14 14:49,20.0,24.2,2017-12-14 11:00,16.7,2017-12-14 00:25,14.1,69,59,2017-12-14 10:57,1.7,150,11.2,140,2017-12-14 04:00,0.0,...,0.0,...,0.0,...,5.1,48.4,10.59,...,...,...,...,...
14,2017-12-15,,1015.9,1018.3,1017.5,2017-12-15 00:02,1013.0,2017-12-15 13:28,21.1,24.9,2017-12-15 13:53,18.1,2017-12-15 03:38,15.2,70,57,2017-12-15 13:53,2.2,130,12.6,140,2017-12-15 12:41,0.0,...,0.0,...,0.0,...,8.4,79.7,12.74,...,...,...,...,...
15,2017-12-16,,1021.5,1023.9,1026.2,2017-12-16 21:29,1016.8,2017-12-16 00:15,15.6,19.9,2017-12-16 00:01,12.0,2017-12-16 23:46,13.5,87,70,2017-12-16 00:13,3.5,20,14.5,360,2017-12-16 14:03,13.0,...,1.0,2017-12-16 12:48,3.0,2017-12-16 12:49,0.0,0.0,3.2,...,...,...,...,...
16,2017-12-17,,1025.1,1027.6,1027.0,2017-12-17 09:15,1023.1,2017-12-17 14:58,12.6,14.4,2017-12-17 21:26,11.3,2017-12-17 06:32,9.9,83,72,2017-12-17 21:28,1.8,30,14.6,30,2017-12-17 06:14,T,...,T,2017-12-17 00:10,T,2017-12-17 01:00,0.0,0.0,0.04,...,...,...,...,...
17,2017-12-18,,1023.1,1025.5,1024.8,2017-12-18 08:37,1021.2,2017-12-18 13:29,14.5,15.9,2017-12-18 12:47,13.2,2017-12-18 05:59,11.5,82,72,2017-12-18 02:08,1.8,30,7.9,40,2017-12-18 15:20,0.0,...,0.0,...,0.0,...,0.0,0.0,1.78,...,...,...,...,...
18,2017-12-19,,1025.1,1027.5,1026.9,2017-12-19 08:55,1023.2,2017-12-19 14:22,13.9,15.1,2017-12-19 23:17,12.4,2017-12-19 08:00,11.5,86,73,2017-12-19 23:17,2.3,20,12.7,10,2017-12-19 05:33,6.0,...,1.0,2017-12-19 04:56,2.0,2017-12-19 04:18,0.0,0.0,1.18,...,...,...,...,...
19,2017-12-20,,1027.5,1029.9,1028.9,2017-12-20 08:56,1025.8,2017-12-20 14:27,15.0,18.5,2017-12-20 11:36,11.1,2017-12-20 21:28,8.9,67,55,2017-12-20 09:38,1.5,40,10.9,30,2017-12-20 13:08,0.0,...,0.0,...,0.0,...,3.5,33.3,7.92,...,...,...,...,...
20,2017-12-21,,1025.6,1028.1,1028.4,2017-12-21 00:01,X,...,15.9,X,...,12.7,2017-12-21 00:04,7.7,58,50,2017-12-21 11:41,1.4,60,X,X,...,0.0,...,0.0,...,0.0,...,2.1,36.1,3.48,...,...,...,...,...
21,2017-12-22,,1018.4,1020.8,1022.2,2017-12-22 00:01,1015.7,2017-12-22 17:14,20.1,23.7,2017-12-22 13:19,15.9,2017-12-22 04:13,11.3,57,46,2017-12-22 12:15,2.6,120,14.5,120,2017-12-22 17:44,0.0,...,0.0,...,0.0,...,9.5,90.3,13.33,...,...,...,...,...
22,2017-12-23,,1014.3,1016.6,1016.2,2017-12-23 07:28,1012.0,2017-12-23 13:49,20.1,26.4,2017-12-23 12:02,15.8,2017-12-23 22:58,14.1,69,46,2017-12-23 11:36,1.9,130,11.3,120,2017-12-23 01:08,0.0,...,0.0,...,0.0,...,8.6,81.7,12.61,...,...,...,...,...
23,2017-12-24,,1016.5,1018.9,1020.0,2017-12-24 23:53,1013.7,2017-12-24 00:25,18.3,21.9,2017-12-24 12:20,15.3,2017-12-24 05:17,13.8,76,58,2017-12-24 23:34,1.7,20,11.4,40,2017-12-24 23:45,0.0,...,0.0,...,0.0,...,3.3,31.3,7.31,...,...,...,...,...
24,2017-12-25,,1020.4,1022.8,1023.0,2017-12-25 09:06,1018.7,2017-12-25 23:31,16.7,18.9,2017-12-25 14:22,14.9,2017-12-25 06:25,8.0,57,51,2017-12-25 04:58,2.4,40,12.5,130,2017-12-25 21:03,0.0,...,0.0,...,0.0,...,4.8,45.6,8.78,...,...,...,...,...
25,2017-12-26,,1019.8,1022.2,1021.5,2017-12-26 09:01,1017.7,2017-12-26 14:09,18.7,22.6,2017-12-26 13:36,16.2,2017-12-26 05:59,11.7,64,53,2017-12-26 13:26,1.5,120,9.2,160,2017-12-26 11:49,0.0,...,0.0,...,0.0,...,5.8,55.1,11.42,...,...,...,...,...
26,2017-12-27,,1020.0,1022.4,1022.0,2017-12-27 08:33,1017.6,2017-12-27 14:13,19.3,22.2,2017-12-27 12:09,16.8,2017-12-27 04:46,11.4,61,52,2017-12-27 11:50,2.3,130,12.6,180,2017-12-27 13:12,0.0,...,0.0,...,0.0,...,9.1,86.4,13.67,...,...,...,...,...
27,2017-12-28,,1018.0,1020.4,1019.7,2017-12-28 00:37,1015.5,2017-12-28 14:24,20.8,24.3,2017-12-28 12:29,18.9,2017-12-28 00:27,13.8,64,56,2017-12-28 11:49,2.7,150,13.5,160,2017-12-28 11:47,T,...,T,2017-12-28 19:57,T,2017-12-28 19:57,3.3,31.3,9.08,...,...,...,...,...
28,2017-12-29,,1019.9,1022.3,1022.2,2017-12-29 08:57,1018.6,2017-12-29 00:11,18.8,21.4,2017-12-29 11:10,17.1,2017-12-29 03:49,15.9,83,71,2017-12-29 23:56,1.8,20,8.7,10,2017-12-29 08:14,T,...,T,2017-12-29 13:28,T,2017-12-29 13:28,0.5,4.7,3.79,...,...,...,...,...
29,2017-12-30,,1019.9,1022.3,1021.8,2017-12-30 07:36,1017.2,2017-12-30 13:40,18.5,22.7,2017-12-30 12:57,16.8,2017-12-30 06:15,14.5,78,62,2017-12-30 13:00,1.4,30,10.2,30,2017-12-30 16:01,T,...,T,2017-12-30 05:14,T,2017-12-30 05:14,2.0,19.0,7.51,...,...,...,...,...
30,2017-12-31,,1021.4,1023.8,1023.5,2017-12-31 10:06,1019.9,2017-12-31 02:19,15.0,17.9,2017-12-31 00:09,13.4,2017-12-31 11:49,11.4,80,60,2017-12-31 21:06,2.3,20,10.4,30,2017-12-31 09:31,T,...,T,2017-12-31 02:41,T,2017-12-31 02:41,0.0,0.0,0.0,...,...,...,...,...
